amfi_code,scheme_name,return_3y,sharpe_ratio,alpha,expense_ratio,max_drawdown_pct,return_3y_score,sharpe_score,alpha_score,expense_score,drawdown_score,recommendation_score,analytical_rank
148569,Mirae Asset Tax Saver Fund - Regular - Growth,13.58,0.8,0.54,1.6,-22.62,0.575,0.9625,0.975,0.9125,0.375,0.7725,1
120503,ICICI Pru Bluechip Fund - Regular - Growth,11.54,0.82,0.66,1.42,-25.91,0.825,0.8375,0.925,0.5,0.25,0.713125,2
119551,SBI Bluechip Fund - Regular Plan - Growth,12.36,0.88,0.87,1.54,-21.7,0.65,0.6625,0.8,0.7625,0.4875,0.675625,3
120841,Kotak Bluechip Fund - Regular - Growth,12.25,0.87,1.27,1.59,-17.86,0.7,0.725,0.475,0.875,0.575,0.66875,4
149324,DSP Small Cap Fund - Regular - Growth,20.08,0.8,0.69,1.52,-17.01,0.15,0.9625,0.9,0.6625,0.675,0.65875,5
119092,Axis Bluechip Fund - Regular - Growth,11.84,0.85,1.41,1.64,-27.54,0.775,0.775,0.425,0.9875,0.15,0.643125,6
102885,UTI Nifty 50 Index Fund - Regular - Growth,12.1,0.93,0.93,1.57,-24.42,0.75,0.4875,0.675,0.85,0.325,0.620625,7
102886,UTI Mid Cap Fund - Regular - Growth,15.61,0.82,1.12,1.51,-13.43,0.3,0.8375,0.6,0.6125,0.8,0.61625,8
119095,Axis Small Cap Fund - Regular - Growth,20.98,0.84,0.51,1.38,-14.45,0.1,0.8,1.0,0.425,0.75,0.6012500000000001,9
118636,Nippon India Gilt Securities Fund - Regular - Growth,5.31,1.33,0.89,0.55,-2.23,0.975,0.15,0.7375,0.025,1.0,0.5825,10
119093,Axis Bluechip Fund - Direct - Growth,12.14,0.87,1.43,0.75,-17.4,0.725,0.725,0.375,0.2,0.625,0.56125,11
118632,Nippon India Large Cap Fund - Regular - Growth,14.0,1.0,0.86,1.51,-16.07,0.525,0.25,0.825,0.6125,0.7,0.555625,12
101208,ABSL Liquid Fund - Regular - Growth,5.14,5.14,1.18,0.79,-3.66,1.0,0.075,0.525,0.275,0.925,0.5537500000000001,13
100033,HDFC Mid-Cap Opportunities Fund - Regular - Growth,16.58,0.87,0.95,1.38,-13.67,0.25,0.725,0.65,0.425,0.775,0.55375,14
118634,Nippon India Small Cap Fund - Regular - Growth,20.15,0.81,0.8,1.53,-30.87,0.125,0.8875,0.85,0.7125,0.125,0.5487500000000001,15
101206,ABSL Frontline Equity Fund - Regular - Growth,13.78,0.98,1.34,1.6,-15.07,0.55,0.3,0.45,0.9125,0.725,0.5481250000000001,16
119552,SBI Bluechip Fund - Direct Plan - Growth,11.3,0.81,1.78,0.66,-24.43,0.85,0.8875,0.225,0.1,0.3,0.5393749999999999,17
100016,HDFC Top 100 Fund - Regular Plan - Growth,14.84,1.06,0.78,1.55,-17.41,0.4,0.1875,0.875,0.8,0.6,0.531875,18
125498,HDFC Mid-Cap Opportunities Fund - Direct - Growth,15.29,0.8,0.9,0.78,-32.22,0.35,0.9625,0.7,0.25,0.1,0.520625,19
119120,SBI Magnum Gilt Fund - Regular Plan - Growth,6.07,1.52,1.6,0.77,-2.3,0.95,0.125,0.325,0.225,0.975,0.5137499999999999,20
120506,ICICI Pru Value Discovery Fund - Regular - Growth,14.76,0.98,0.55,1.41,-21.89,0.45,0.3,0.95,0.475,0.425,0.5125,21
149322,DSP Top 100 Equity Fund - Regular - Growth,12.82,0.92,1.82,1.54,-21.7,0.625,0.525,0.15,0.7625,0.4875,0.505,22
149323,DSP Midcap Fund - Regular - Growth,17.16,0.9,1.02,1.61,-26.99,0.225,0.6125,0.625,0.95,0.175,0.5031249999999999,23
102887,UTI Flexi Cap Fund - Regular - Growth,15.34,0.96,1.79,1.64,-12.14,0.325,0.375,0.2,0.9875,0.85,0.49062500000000003,24
118633,Nippon India Large Cap Fund - Direct - Growth,12.33,0.88,1.7,0.72,-18.14,0.675,0.6625,0.2625,0.1375,0.55,0.49,25
119094,Axis Midcap Fund - Regular - Growth,15.18,0.8,1.42,1.38,-32.38,0.375,0.9625,0.4,0.425,0.075,0.489375,26
120844,Kotak Liquid Fund - Regular - Growth,6.18,6.18,1.52,0.6,-3.81,0.925,0.05,0.35,0.075,0.9,0.46,27
118635,Nippon India ETF Nifty 50 BeES,11.77,0.91,1.8,0.89,-26.75,0.8,0.5625,0.175,0.325,0.2,0.454375,28
120505,ICICI Pru Midcap Fund - Regular - Growth,18.08,0.95,0.89,1.36,-21.84,0.2,0.425,0.7375,0.375,0.45,0.4275,29
119598,SBI Small Cap Fund - Regular Plan - Growth,23.39,0.94,1.23,1.43,-13.35,0.025,0.45,0.5,0.525,0.825,0.42124999999999996,30
148568,Mirae Asset Emerging Bluechip Fund - Regular - Growth,14.56,0.91,1.7,1.52,-33.15,0.475,0.5625,0.2625,0.6625,0.05,0.41875,31
120504,ICICI Pru Bluechip Fund - Direct - Growth,14.41,1.03,0.88,0.8,-26.59,0.5,0.225,0.775,0.3,0.225,0.41500000000000004,32
125497,HDFC Top 100 Fund - Direct Plan - Growth,13.38,0.96,1.13,0.92,-33.5,0.6,0.375,0.5625,0.35,0.025,0.4125,33
120507,ICICI Pru Liquid Fund - Regular - Growth,7.68,7.68,1.85,0.74,-2.62,0.875,0.025,0.0875,0.175,0.95,0.41125,34
148567,Mirae Asset Large Cap Fund - Regular - Growth,14.81,1.06,1.62,1.46,-17.07,0.425,0.1875,0.3,0.575,0.65,0.396875,35
100025,HDFC Short Term Debt Fund - Regular - Growth,7.37,1.84,1.98,0.56,-6.01,0.9,0.1,0.025,0.05,0.875,0.39375000000000004,36
101207,ABSL Small Cap Fund - Regular - Growth,22.38,0.9,1.84,1.53,-23.61,0.075,0.6125,0.125,0.7125,0.35,0.35624999999999996,37
120842,Kotak Emerging Equity Fund - Regular - Growth,18.23,0.96,1.91,1.56,-21.92,0.175,0.375,0.05,0.825,0.4,0.33125,38
120843,Kotak Flexicap Fund - Regular - Growth,15.65,0.98,1.85,1.45,-19.5,0.275,0.3,0.0875,0.55,0.525,0.32249999999999995,39
119599,SBI Small Cap Fund - Direct Plan - Growth,23.14,0.93,1.13,0.72,-24.78,0.05,0.4875,0.5625,0.1375,0.275,0.30875,40
