amfi_code,alpha,beta,r_squared,p_value,std_err,tracking_error_nifty100,nifty100_observations
100016,0.35025092726248813,-0.0011989805874372435,6.913124961211412e-08,0.9933743458782707,0.144347631510284,0.6077850186046988,1000
100025,-0.05295508778648717,-0.09187265833335825,0.0037246890621992217,0.05368988580428683,0.04756261064680363,0.24179812147241475,1000
100033,0.1327259256689378,-0.062086410571268694,0.00010983845779647815,0.740634338140743,0.18751249660314478,0.7834622089079192,1000
101206,0.08999653010768852,0.0035533823141515155,5.594269179356887e-07,0.9811536222602723,0.15038511926965153,0.6319323192429968,1000
101207,0.32928152029444835,-0.052906577308476796,5.821128592971323e-05,0.8095768975548421,0.21949678250085522,0.9130513508884152,1000
101208,-0.03875084979882253,-0.009779859179366928,7.104186552244977e-05,0.7900788948805127,0.03672778394949325,0.20023916550778603,1000
102885,0.05143491370469148,-0.02777850422658647,4.3338863276319296e-05,0.8352900581414103,0.13356584529231771,0.5653643084324289,1000
102886,0.3156818017027197,-0.002902611306886505,2.8961546761871415e-07,0.9864391616679595,0.17073111350837702,0.7141852806119501,1000
102887,0.41544114687614797,-0.03355198838886187,3.181158753248117e-05,0.8586158774438044,0.18830134100179674,0.7860113089085812,1000
118632,0.018121175777280365,-0.21479541885061706,0.0013082615502465447,0.25314822790209707,0.1878573465198468,0.7886032310308414,1000
118633,0.1505784255146919,-0.01796101414082487,1.4021997436572708e-05,0.9058562414376079,0.15183000194609922,0.6383247559019238,1000
118634,0.45518406733324285,0.4489458529310697,0.004236456316775446,0.03960228224691709,0.21787401578962898,0.8988973848796238,1000
118635,0.11233700303351793,-0.22348488362629162,0.0025197984418789143,0.11264812511501598,0.14075120547120676,0.6003676611024699,1000
118636,-0.07189472798033084,-0.015994225445379984,6.740273967170921e-05,0.7954037534541359,0.06166582287651234,0.2860254542176648,1000
119092,0.02082973694721265,-0.11042283619578006,0.0007836370448221057,0.3765348918397523,0.12481475157755026,0.5332805703302101,1000
119093,0.11159015848960573,-0.1444078132941624,0.0009141919424314955,0.339498624911738,0.15111518996390677,0.6390850742451271,1000
119094,0.24885792243816748,0.03463583506604734,2.1666700350134185e-05,0.8831218980733095,0.23553708654675837,0.9767898142477184,1000
119095,0.5550412390440193,-0.459262887099217,0.0031836068561329612,0.07451214447776032,0.2572432282627303,1.0748611649731055,1000
119120,-0.04875069340000524,-0.04237653341208909,0.0006902243322150362,0.40659444378113896,0.05104052011436282,0.24995251743528185,1000
119551,0.296896009070735,-0.2253771114255159,0.0014081095320255055,0.23579163397864875,0.18998544742331683,0.7974538387665685,1000
119552,0.15792348951661034,-0.15838045228314143,0.0011453427129413478,0.28499100290035695,0.14805385812562977,0.627283565707718,1000
119598,0.35676302649217606,0.08573151625668135,9.356761366632286e-05,0.7599756195418246,0.28053828551502535,1.1598667565594658,1000
119599,0.4772286650317772,0.549759335473359,0.003989829272580398,0.0458304185458781,0.274955285541475,1.1323011864587558,1000
120503,0.1339836686552447,0.08609657116649533,0.00027514803180890676,0.6003303344979882,0.16427732561250363,0.6860037676389156,1000
120504,0.13798759467276794,-0.19382901505947314,0.0010998539082526992,0.29476960227227894,0.18490431893605094,0.7761579726860528,1000
120505,0.1637566863064299,-0.06408629519757211,7.164380421890513e-05,0.789212303912221,0.23965970381665214,0.9953131828980908,1000
120506,0.18218199853775507,-0.05801059943273563,0.0001278092820772573,0.7210405152557816,0.1624176152741372,0.6820125472940348,1000
120507,-0.032601355057768476,-0.005948964588127825,2.0326606122041767e-05,0.8867689483748599,0.04176757521203625,0.21599966276123592,1000
120841,0.1473792498469066,-0.07430051061697564,0.00019957184871444793,0.6554540997110734,0.16646906748648993,0.6987607223657584,1000
120842,0.0525935430765255,-0.07972247968553724,0.00028502330782937877,0.5938632913719663,0.14945602901461674,0.6305210652933559,1000
120843,0.22283946499871016,-0.19789861941632403,0.0006554261659245587,0.4186854661640099,0.2446094524883825,1.0179980048784614,1000
120844,-0.03948267700936892,-0.014762058254773605,0.00013715187940568162,0.7114646659847488,0.03989798644167391,0.21065443274808307,1000
125497,0.2281080425988611,-0.05014187147413275,8.658162322653625e-05,0.768845096473834,0.17057037532817798,0.7146862040698075,1000
125498,0.11769096023976597,-0.18035341082127054,0.00123350936784123,0.2671766476961931,0.1624500483290949,0.6855365342835016,1000
148567,0.19838480404633158,0.1984103444904478,0.0008742637679813271,0.3502752625925353,0.2123185176179764,0.8793961031160435,1000
148568,0.36033608146081514,-0.000784857979330188,1.565998019015133e-08,0.9968465132094577,0.19853185465167045,0.8268128208393813,1000
148569,0.4579897259343807,-0.003048748302719169,2.250052237621057e-07,0.9880470082334618,0.20345105751013545,0.8468422249122786,1000
149322,0.20248796066793923,-0.18873194271611862,0.0016032922554598257,0.20582276871480068,0.14908205220211926,0.6323442825104584,1000
149323,0.19327652166973475,0.0026098217795844873,1.175341967356573e-07,0.9913608664158137,0.24097025273193345,0.9994857881010044,1000
149324,0.8619000348843691,-0.17439820868449313,0.00036472428072273333,0.5463598553380284,0.2890115489607422,1.1983833554636671,1000
