amfi_code,start_date,end_date,observations,cagr_1y,cagr_3y,cagr_5y,sharpe_ratio,sortino_ratio,max_drawdown,drawdown_date,drawdown_peak_date,drawdown_recovery_date
100016,2022-01-02,2026-12-05,1150,-0.0501403882937963,0.013411766546229442,,0.27412759544262055,0.3436697795713033,-0.24734440880673303,2022-09-15,2022-03-30,2023-01-05
100025,2022-01-02,2026-12-05,1150,0.04476846617055408,0.03557381336955978,,0.003613817286442994,0.003514592245718716,-0.09740641957141538,2025-01-31,2025-01-12,2025-11-26
100033,2022-01-02,2026-12-05,1150,0.5512744759356554,0.32116889121865233,,0.687396007310766,0.7103268311520718,-0.3459842573293178,2024-11-01,2024-10-23,2025-01-09
101206,2022-01-02,2026-12-05,1150,0.48165400677753123,0.2842681515042138,,0.5732071132447273,0.616753767905347,-0.2988231402834415,2026-02-01,2026-01-05,2026-04-28
101207,2022-01-02,2026-12-05,1150,-0.300415999234944,-0.027768451721876475,,0.4931979337519597,0.6175391832052317,-0.355330285331958,2022-02-06,2022-01-11,2022-10-13
101208,2022-01-02,2026-12-05,1150,0.07067357670414043,0.06302182379477639,,0.05225441666796388,0.03250095816964117,-0.06110552029686922,2022-10-01,2022-08-12,2022-12-12
102885,2022-01-02,2026-12-05,1150,0.21208397991313555,0.2096329515440276,,0.4557494346720999,0.47052488164008377,-0.23639915909129183,2023-01-27,2023-01-12,2023-04-12
102886,2022-01-02,2026-12-05,1150,-0.17259410680343223,0.006723080181077368,,0.3030552115324478,0.4205961786777849,-0.2800112356639287,2026-04-27,2025-07-01,
102887,2022-01-02,2026-12-05,1150,0.12257313506872891,0.23734073851756854,,0.555588100448512,0.5870339511966827,-0.32639310456683424,2025-03-01,2025-02-10,2025-03-10
118632,2022-01-02,2026-12-05,1150,0.3462815511279027,0.220631600153959,,0.5966781653239562,0.59774404345893,-0.33461742193014543,2023-09-01,2023-07-12,2024-01-01
118633,2022-01-02,2026-12-05,1150,0.25960924604156,0.1884374864045868,,0.45861577993664493,0.482530982520219,-0.294298802467039,2025-07-01,2025-03-11,2025-10-22
118634,2022-01-02,2026-12-05,1150,0.09420314433106247,0.057438997426533245,,0.6284400277290044,0.8236247284802075,-0.33988355735731646,2022-04-02,2022-03-11,2022-04-11
118635,2022-01-02,2026-12-05,1150,0.24977607987535544,0.2031613654161497,,0.4787345576462225,0.46361061906518186,-0.2685556972608245,2023-05-01,2023-04-12,2024-01-08
118636,2022-01-02,2026-12-05,1150,0.10031572609659767,0.03847387371369604,,0.0693130046533586,0.06693831802542026,-0.10083481625682245,2022-03-01,2022-01-11,2022-08-12
119092,2022-01-02,2026-12-05,1150,0.018788251168618375,0.011438372275631492,,0.2612212754188524,0.285721472206561,-0.24832777708829945,2022-07-04,2022-06-12,2023-01-02
119093,2022-01-02,2026-12-05,1150,0.17446892916453027,0.17801074477618917,,0.3445097561965931,0.40361489445208376,-0.2550992167363012,2025-10-01,2025-02-12,
119094,2022-01-02,2026-12-05,1150,0.20084165780574392,0.33540617756970903,,0.709481353334375,0.7601854832901213,-0.4069796689702804,2024-12-02,2024-11-14,2025-01-04
119095,2022-01-02,2026-12-05,1150,-0.47501430431936476,-0.13537033569311396,,0.5325203658291534,0.6928157249473901,-0.5167775370852656,2026-11-05,2025-05-22,
119120,2022-01-02,2026-12-05,1150,0.06846633220976717,0.059684275156921984,,0.07515669310175019,0.06876580922193071,-0.10105521401683148,2023-09-01,2023-08-12,2023-11-12
119551,2022-01-02,2026-12-05,1150,0.7155077782319734,0.3104244955104405,,0.6446361249867522,0.6192408548637864,-0.3720709094613869,2025-10-01,2025-09-12,2025-10-12
119552,2022-01-02,2026-12-05,1150,0.09523891889754821,0.14670891507490924,,0.49572129890391375,0.5558915052047664,-0.29436095224058123,2023-02-01,2023-01-12,2023-04-12
119598,2022-01-02,2026-12-05,1150,0.9436435306810651,0.27413950321090197,,0.8011332055321014,0.9564412683609225,-0.4398499444272197,2023-10-01,2023-09-26,2023-10-18
119599,2022-01-02,2026-12-05,1150,0.11215259345514328,-0.03735466687388078,,0.5367465166260538,0.7553305015889266,-0.5257422117012851,2025-10-28,2023-01-17,
120503,2022-01-02,2026-12-05,1150,0.0437658935949381,0.12610161100924389,,0.4970646595327564,0.48709233338654134,-0.2982813699386675,2022-03-01,2022-02-12,2022-05-12
120504,2022-01-02,2026-12-05,1150,0.19885894733156184,0.3144700720556841,,0.583342412034961,0.6004416964396935,-0.27425279878131015,2023-05-30,2023-05-12,2023-07-12
120505,2022-01-02,2026-12-05,1150,0.3264029034181979,0.3471720323483367,,0.7484626937191667,0.7815114484556263,-0.3777916702293329,2022-04-01,2022-02-12,2022-07-12
120506,2022-01-02,2026-12-05,1150,0.4665270786576112,0.1602955813405207,,0.4754876893022018,0.5340301164730485,-0.3040183042115633,2025-10-01,2025-09-12,2025-10-12
120507,2022-01-02,2026-12-05,1150,0.07264172856657392,0.07370417540304208,,0.10149226802537008,0.062173512147830304,-0.06388257820980014,2024-11-01,2024-10-12,2024-11-12
120841,2022-01-02,2026-12-05,1150,0.09425956053044948,0.16050247543963447,,0.45028339496413355,0.47733113778586256,-0.32533423285601615,2023-01-31,2023-01-12,2023-04-12
120842,2022-01-02,2026-12-05,1150,0.10067266100580952,0.059915257921177245,,0.31349794677687537,0.3838402908828638,-0.24003511326274884,2024-10-17,2023-09-11,2025-03-11
120843,2022-01-02,2026-12-05,1150,0.39143349382762493,0.32733844186756045,,0.7663032115876808,0.8035497347738377,-0.37552463969073413,2024-12-01,2024-11-25,2025-01-12
120844,2022-01-02,2026-12-05,1150,0.07250626888649658,0.06579236975753577,,0.08296632644520183,0.05226165799204946,-0.06363502868475912,2022-03-01,2022-02-12,2022-05-12
125497,2022-01-02,2026-12-05,1150,0.3186770373159993,0.21249951077229645,,0.540682969777475,0.5661986727705113,-0.26096257113007804,2025-02-01,2025-01-10,2025-04-12
125498,2022-01-02,2026-12-05,1150,0.16091224431959028,0.12570751450150386,,0.4468039320774226,0.5480044354512581,-0.2321481798938747,2023-01-20,2023-01-11,2023-02-11
148567,2022-01-02,2026-12-05,1150,0.26993708334925315,0.3746539020410291,,0.7078440798250403,0.642732680170147,-0.4082315201190836,2024-11-01,2024-10-12,2024-11-12
148568,2022-01-02,2026-12-05,1150,0.09826337048961564,0.1450579539554797,,0.6028691293005145,0.6089061083505037,-0.32466130785296965,2022-07-03,2022-06-12,2022-07-12
148569,2022-01-02,2026-12-05,1150,0.32932720509069857,0.25883960422954133,,0.6724553011155342,0.744518719598691,-0.2967189658084838,2022-02-18,2022-02-12,2022-06-12
149322,2022-01-02,2026-12-05,1150,0.1935812332564475,0.189146649300155,,0.4630168114571664,0.5170768829046831,-0.2600168867303505,2025-06-01,2025-05-12,2025-08-12
149323,2022-01-02,2026-12-05,1150,0.24068033060435412,0.2884664181952534,,0.7621700921964898,0.7737819461128179,-0.4286999927255848,2023-10-02,2023-02-10,2024-01-02
149324,2022-01-02,2026-12-05,1150,0.8384858940701418,0.32131077854998624,,0.8626633563575352,0.9907987439833309,-0.5235259853217533,2025-03-01,2025-02-12,2025-03-12
