amfi_code,cagr_1y,cagr_3y,cagr_5y,sharpe_ratio,sortino_ratio,alpha,beta,expense_ratio,max_drawdown,drawdown_date,drawdown_peak_date,drawdown_recovery_date,tracking_error_nifty100,return_3y_score,sharpe_score,alpha_score,expense_score,drawdown_score,fund_score
149324,0.8384858940701418,0.32131077854998624,,0.8626633563575352,0.9907987439833309,0.8619000348843691,-0.17439820868449313,1.52,-0.5235259853217533,2025-03-01,2025-02-12,2025-03-12,1.1983833554636671,90.0,100.0,100.0,36.25,5.0,77.9375
119094,0.20084165780574392,0.33540617756970903,,0.709481353334375,0.7601854832901213,0.24885792243816748,0.03463583506604734,1.38,-0.4069796689702804,2024-12-02,2024-11-14,2025-01-04,0.9767898142477184,95.0,87.5,70.0,60.0,17.5,75.125
120505,0.3264029034181979,0.3471720323483367,,0.7484626937191667,0.7815114484556263,0.1637566863064299,-0.06408629519757211,1.36,-0.3777916702293329,2022-04-01,2022-02-12,2022-07-12,0.9953131828980908,97.5,90.0,52.5,65.0,20.0,74.0
120843,0.39143349382762493,0.32733844186756045,,0.7663032115876808,0.8035497347738377,0.22283946499871016,-0.19789861941632403,1.45,-0.37552463969073413,2024-12-01,2024-11-25,2025-01-12,1.0179980048784614,92.5,95.0,65.0,47.5,22.5,73.875
119598,0.9436435306810651,0.27413950321090197,,0.8011332055321014,0.9564412683609225,0.35676302649217606,0.08573151625668135,1.43,-0.4398499444272197,2023-10-01,2023-09-26,2023-10-18,1.1598667565594658,75.0,97.5,82.5,50.0,10.0,71.875
148567,0.26993708334925315,0.3746539020410291,,0.7078440798250403,0.642732680170147,0.19838480404633158,0.1984103444904478,1.46,-0.4082315201190836,2024-11-01,2024-10-12,2024-11-12,0.8793961031160435,100.0,85.0,60.0,45.0,15.0,71.5
120504,0.19885894733156184,0.3144700720556841,,0.583342412034961,0.6004416964396935,0.13798759467276794,-0.19382901505947314,0.8,-0.27425279878131015,2023-05-30,2023-05-12,2023-07-12,0.7761579726860528,85.0,67.5,42.5,72.5,62.5,68.0
148569,0.32932720509069857,0.25883960422954133,,0.6724553011155342,0.744518719598691,0.4579897259343807,-0.003048748302719169,1.6,-0.2967189658084838,2022-02-18,2022-02-12,2022-06-12,0.8468422249122786,72.5,80.0,92.5,11.25,52.5,67.1875
100033,0.5512744759356554,0.32116889121865233,,0.687396007310766,0.7103268311520718,0.1327259256689378,-0.062086410571268694,1.38,-0.3459842573293178,2024-11-01,2024-10-23,2025-01-09,0.7834622089079192,87.5,82.5,37.5,60.0,30.0,66.375
119551,0.7155077782319734,0.3104244955104405,,0.6446361249867522,0.6192408548637864,0.296896009070735,-0.2253771114255159,1.54,-0.3720709094613869,2025-10-01,2025-09-12,2025-10-12,0.7974538387665685,82.5,77.5,72.5,26.25,25.0,65.0625
125497,0.3186770373159993,0.21249951077229645,,0.540682969777475,0.5661986727705113,0.2281080425988611,-0.05014187147413275,0.92,-0.26096257113007804,2025-02-01,2025-01-10,2025-04-12,0.7146862040698075,65.0,60.0,67.5,67.5,67.5,64.875
149323,0.24068033060435412,0.2884664181952534,,0.7621700921964898,0.7737819461128179,0.19327652166973475,0.0026098217795844873,1.61,-0.4286999927255848,2023-10-02,2023-02-10,2024-01-02,0.9994857881010044,80.0,92.5,57.49999999999999,7.5,12.5,61.0
102887,0.12257313506872891,0.23734073851756854,,0.555588100448512,0.5870339511966827,0.41544114687614797,-0.03355198838886187,1.64,-0.32639310456683424,2025-03-01,2025-02-10,2025-03-10,0.7860113089085812,70.0,62.5,87.5,3.75,37.5,58.4375
148568,0.09826337048961564,0.1450579539554797,,0.6028691293005145,0.6089061083505037,0.36033608146081514,-0.000784857979330188,1.52,-0.32466130785296965,2022-07-03,2022-06-12,2022-07-12,0.8268128208393813,42.5,72.5,85.0,36.25,42.5,57.5625
119552,0.09523891889754821,0.14670891507490924,,0.49572129890391375,0.5558915052047664,0.15792348951661034,-0.15838045228314143,0.66,-0.29436095224058123,2023-02-01,2023-01-12,2023-04-12,0.627283565707718,45.0,50.0,50.0,92.5,55.00000000000001,55.375
118633,0.25960924604156,0.1884374864045868,,0.45861577993664493,0.482530982520219,0.1505784255146919,-0.01796101414082487,0.72,-0.294298802467039,2025-07-01,2025-03-11,2025-10-22,0.6383247559019238,55.00000000000001,37.5,47.5,88.75,57.49999999999999,54.4375
118635,0.24977607987535544,0.2031613654161497,,0.4787345576462225,0.46361061906518186,0.11233700303351793,-0.22348488362629162,0.89,-0.2685556972608245,2023-05-01,2023-04-12,2024-01-08,0.6003676611024699,60.0,45.0,32.5,70.0,65.0,52.75
101206,0.48165400677753123,0.2842681515042138,,0.5732071132447273,0.616753767905347,0.08999653010768852,0.0035533823141515155,1.6,-0.2988231402834415,2026-02-01,2026-01-05,2026-04-28,0.6319323192429968,77.5,65.0,27.500000000000004,11.25,47.5,51.4375
118634,0.09420314433106247,0.057438997426533245,,0.6284400277290044,0.8236247284802075,0.45518406733324285,0.4489458529310697,1.53,-0.33988355735731646,2022-04-02,2022-03-11,2022-04-11,0.8988973848796238,22.5,75.0,90.0,31.25,32.5,51.4375
118632,0.3462815511279027,0.220631600153959,,0.5966781653239562,0.59774404345893,0.018121175777280365,-0.21479541885061706,1.51,-0.33461742193014543,2023-09-01,2023-07-12,2024-01-01,0.7886032310308414,67.5,70.0,17.5,41.25,35.0,50.9375
149322,0.1935812332564475,0.189146649300155,,0.4630168114571664,0.5170768829046831,0.20248796066793923,-0.18873194271611862,1.54,-0.2600168867303505,2025-06-01,2025-05-12,2025-08-12,0.6323442825104584,57.49999999999999,40.0,62.5,26.25,70.0,50.6875
120506,0.4665270786576112,0.1602955813405207,,0.4754876893022018,0.5340301164730485,0.18218199853775507,-0.05801059943273563,1.41,-0.3040183042115633,2025-10-01,2025-09-12,2025-10-12,0.6820125472940348,47.5,42.5,55.00000000000001,55.00000000000001,45.0,48.625
119599,0.11215259345514328,-0.03735466687388078,,0.5367465166260538,0.7553305015889266,0.4772286650317772,0.549759335473359,0.72,-0.5257422117012851,2025-10-28,2023-01-17,,1.1323011864587558,5.0,57.49999999999999,95.0,88.75,2.5,48.4375
119093,0.17446892916453027,0.17801074477618917,,0.3445097561965931,0.40361489445208376,0.11159015848960573,-0.1444078132941624,0.75,-0.2550992167363012,2025-10-01,2025-02-12,,0.6390850742451271,52.5,27.500000000000004,30.0,82.5,72.5,48.25
120503,0.0437658935949381,0.12610161100924389,,0.4970646595327564,0.48709233338654134,0.1339836686552447,0.08609657116649533,1.42,-0.2982813699386675,2022-03-01,2022-02-12,2022-05-12,0.6860037676389156,40.0,52.5,40.0,52.5,50.0,46.0
125498,0.16091224431959028,0.12570751450150386,,0.4468039320774226,0.5480044354512581,0.11769096023976597,-0.18035341082127054,0.78,-0.2321481798938747,2023-01-20,2023-01-11,2023-02-11,0.6855365342835016,37.5,30.0,35.0,77.5,85.0,45.875
119095,-0.47501430431936476,-0.13537033569311396,,0.5325203658291534,0.6928157249473901,0.5550412390440193,-0.459262887099217,1.38,-0.5167775370852656,2026-11-05,2025-05-22,,1.0748611649731055,2.5,55.00000000000001,97.5,60.0,7.5,43.75
102885,0.21208397991313555,0.2096329515440276,,0.4557494346720999,0.47052488164008377,0.05143491370469148,-0.02777850422658647,1.57,-0.23639915909129183,2023-01-27,2023-01-12,2023-04-12,0.5653643084324289,62.5,35.0,22.5,17.5,82.5,42.875
120507,0.07264172856657392,0.07370417540304208,,0.10149226802537008,0.062173512147830304,-0.032601355057768476,-0.005948964588127825,0.74,-0.06388257820980014,2024-11-01,2024-10-12,2024-11-12,0.21599966276123592,35.0,15.0,15.0,85.0,95.0,39.5
120844,0.07250626888649658,0.06579236975753577,,0.08296632644520183,0.05226165799204946,-0.03948267700936892,-0.014762058254773605,0.6,-0.06363502868475912,2022-03-01,2022-02-12,2022-05-12,0.21065443274808307,32.5,12.5,10.0,95.0,97.5,38.875
120841,0.09425956053044948,0.16050247543963447,,0.45028339496413355,0.47733113778586256,0.1473792498469066,-0.07430051061697564,1.59,-0.32533423285601615,2023-01-31,2023-01-12,2023-04-12,0.6987607223657584,50.0,32.5,45.0,15.0,40.0,38.375
101207,-0.300415999234944,-0.027768451721876475,,0.4931979337519597,0.6175391832052317,0.32928152029444835,-0.052906577308476796,1.53,-0.355330285331958,2022-02-06,2022-01-11,2022-10-13,0.9130513508884152,7.5,47.5,77.5,31.25,27.500000000000004,37.0625
100016,-0.0501403882937963,0.013411766546229442,,0.27412759544262055,0.3436697795713033,0.35025092726248813,-0.0011989805874372435,1.55,-0.24734440880673303,2022-09-15,2022-03-30,2023-01-05,0.6077850186046988,15.0,20.0,80.0,22.5,77.5,36.625
102886,-0.17259410680343223,0.006723080181077368,,0.3030552115324478,0.4205961786777849,0.3156818017027197,-0.002902611306886505,1.51,-0.2800112356639287,2026-04-27,2025-07-01,,0.7141852806119501,10.0,22.5,75.0,41.25,60.0,35.8125
101208,0.07067357670414043,0.06302182379477639,,0.05225441666796388,0.03250095816964117,-0.03875084979882253,-0.009779859179366928,0.79,-0.06110552029686922,2022-10-01,2022-08-12,2022-12-12,0.20023916550778603,30.0,5.0,12.5,75.0,100.0,34.0
118636,0.10031572609659767,0.03847387371369604,,0.0693130046533586,0.06693831802542026,-0.07189472798033084,-0.015994225445379984,0.55,-0.10083481625682245,2022-03-01,2022-01-11,2022-08-12,0.2860254542176648,20.0,7.5,2.5,100.0,90.0,32.375
119120,0.06846633220976717,0.059684275156921984,,0.07515669310175019,0.06876580922193071,-0.04875069340000524,-0.04237653341208909,0.77,-0.10105521401683148,2023-09-01,2023-08-12,2023-11-12,0.24995251743528185,25.0,10.0,7.5,80.0,87.5,32.25
100025,0.04476846617055408,0.03557381336955978,,0.003613817286442994,0.003514592245718716,-0.05295508778648717,-0.09187265833335825,0.56,-0.09740641957141538,2025-01-31,2025-01-12,2025-11-26,0.24179812147241475,17.5,2.5,5.0,97.5,92.5,30.75
120842,0.10067266100580952,0.059915257921177245,,0.31349794677687537,0.3838402908828638,0.0525935430765255,-0.07972247968553724,1.56,-0.24003511326274884,2024-10-17,2023-09-11,2025-03-11,0.6305210652933559,27.500000000000004,25.0,25.0,20.0,80.0,30.5
119092,0.018788251168618375,0.011438372275631492,,0.2612212754188524,0.285721472206561,0.02082973694721265,-0.11042283619578006,1.64,-0.24832777708829945,2022-07-04,2022-06-12,2023-01-02,0.5332805703302101,12.5,17.5,20.0,3.75,75.0,20.1875
