cohort_month,investors,transactions,transaction_value
2024-01,1584,12995,1367419012
2024-02,947,7099,785202026
2024-03,703,4921,530733044
2024-04,448,2787,297065532
2024-05,299,1650,178153082
2024-06,246,1189,133567493
2024-07,168,689,74407446
2024-08,135,478,53979581
2024-09,90,260,26746611
2024-10,72,185,20803120
2024-11,59,135,12342713
2024-12,52,111,10705527
2025-01,38,65,7991157
2025-02,30,46,6313928
2025-03,40,60,6611497
2025-04,28,38,3356785
2025-05,27,34,2626328
2025-06,5,6,648790
2025-07,7,7,907289
2025-08,6,7,144941
2025-09,5,5,633701
2025-10,5,5,304015
2025-11,3,3,628234
2025-12,3,3,288578
