,count,unique,top,freq,mean,min,25%,50%,75%,max,std
order_id,600,600,ORD00001,1,,,,,,,
order_date,600,,,,2026-04-01 21:38:24,2026-01-01 00:00:00,2026-02-10 18:00:00,2026-04-05 00:00:00,2026-05-18 00:00:00,2026-06-30 00:00:00,
customer_id,600,80,CUST0029,15,,,,,,,
state,600,8,Delhi,93,,,,,,,
city,600,18,New Delhi,93,,,,,,,
city_tier,600,2,Tier 1,324,,,,,,,
product,600,11,Monitor,70,,,,,,,
quantity,600.0,,,,2.9583333333333335,1.0,2.0,3.0,4.0,5.0,1.4082741028661863
unit_price,600.0,,,,16213.546433333333,521.67,3381.3175,8046.515,17577.817499999997,89857.46,21499.55500865062
discount_pct,600.0,,,,0.04303333333333333,0.0,0.0,0.05,0.08,0.1,0.03817365061869447
sales_amount,600.0,,,,45495.918000000005,521.67,7972.08,20001.1,51615.3125,395361.81,71265.88178833947
month,600,6,2026-05,114,,,,,,,
profit_margin_pct,600.0,,,,0.1906641666666667,0.0811,0.133275,0.1938,0.248,0.2999,0.06563706528991077
profit,600.0,,,,9018.867016666667,89.71,1352.225,3487.0150000000003,8870.9575,111421.98,15764.415592658106
