file,column,dtype,missing_count,missing_pct,unique_values
01_fund_master.csv,amfi_code,int64,0,0.0,40
01_fund_master.csv,fund_house,str,0,0.0,10
01_fund_master.csv,scheme_name,str,0,0.0,40
01_fund_master.csv,category,str,0,0.0,2
01_fund_master.csv,sub_category,str,0,0.0,12
01_fund_master.csv,plan,str,0,0.0,2
01_fund_master.csv,launch_date,str,0,0.0,34
01_fund_master.csv,benchmark,str,0,0.0,10
01_fund_master.csv,expense_ratio_pct,float64,0,0.0,31
01_fund_master.csv,exit_load_pct,float64,0,0.0,3
01_fund_master.csv,min_sip_amount,int64,0,0.0,1
01_fund_master.csv,min_lumpsum_amount,int64,0,0.0,3
01_fund_master.csv,fund_manager,str,0,0.0,29
01_fund_master.csv,risk_category,str,0,0.0,5
01_fund_master.csv,sebi_category_code,str,0,0.0,9
02_nav_history.csv,amfi_code,int64,0,0.0,40
02_nav_history.csv,date,str,0,0.0,1150
02_nav_history.csv,nav,float64,0,0.0,45594
03_aum_by_fund_house.csv,date,str,0,0.0,9
03_aum_by_fund_house.csv,fund_house,str,0,0.0,10
03_aum_by_fund_house.csv,aum_lakh_crore,float64,0,0.0,82
03_aum_by_fund_house.csv,aum_crore,int64,0,0.0,82
03_aum_by_fund_house.csv,num_schemes,int64,0,0.0,10
04_monthly_sip_inflows.csv,month,str,0,0.0,48
04_monthly_sip_inflows.csv,sip_inflow_crore,int64,0,0.0,45
04_monthly_sip_inflows.csv,active_sip_accounts_crore,float64,0,0.0,44
04_monthly_sip_inflows.csv,new_sip_accounts_lakh,float64,0,0.0,29
04_monthly_sip_inflows.csv,sip_aum_lakh_crore,float64,0,0.0,48
04_monthly_sip_inflows.csv,yoy_growth_pct,float64,12,25.0,36
05_category_inflows.csv,month,str,0,0.0,12
05_category_inflows.csv,category,str,0,0.0,12
05_category_inflows.csv,net_inflow_crore,float64,0,0.0,142
06_industry_folio_count.csv,month,str,0,0.0,21
06_industry_folio_count.csv,total_folios_crore,float64,0,0.0,21
06_industry_folio_count.csv,equity_folios_crore,float64,0,0.0,21
06_industry_folio_count.csv,debt_folios_crore,float64,0,0.0,21
06_industry_folio_count.csv,hybrid_folios_crore,float64,0,0.0,20
06_industry_folio_count.csv,others_folios_crore,float64,0,0.0,21
07_scheme_performance.csv,amfi_code,int64,0,0.0,40
07_scheme_performance.csv,scheme_name,str,0,0.0,40
07_scheme_performance.csv,fund_house,str,0,0.0,10
07_scheme_performance.csv,category,str,0,0.0,12
07_scheme_performance.csv,plan,str,0,0.0,2
07_scheme_performance.csv,return_1yr_pct,float64,0,0.0,39
07_scheme_performance.csv,return_3yr_pct,float64,0,0.0,40
07_scheme_performance.csv,return_5yr_pct,float64,0,0.0,40
07_scheme_performance.csv,benchmark_3yr_pct,float64,0,0.0,40
07_scheme_performance.csv,alpha,float64,0,0.0,36
07_scheme_performance.csv,beta,float64,0,0.0,22
07_scheme_performance.csv,sharpe_ratio,float64,0,0.0,24
07_scheme_performance.csv,sortino_ratio,float64,0,0.0,34
07_scheme_performance.csv,std_dev_ann_pct,float64,0,0.0,9
07_scheme_performance.csv,max_drawdown_pct,float64,0,0.0,39
07_scheme_performance.csv,aum_crore,int64,0,0.0,40
07_scheme_performance.csv,expense_ratio_pct,float64,0,0.0,31
07_scheme_performance.csv,morningstar_rating,int64,0,0.0,3
07_scheme_performance.csv,risk_grade,str,0,0.0,5
08_investor_transactions.csv,investor_id,str,0,0.0,5000
08_investor_transactions.csv,transaction_date,str,0,0.0,516
08_investor_transactions.csv,amfi_code,int64,0,0.0,40
08_investor_transactions.csv,transaction_type,str,0,0.0,3
08_investor_transactions.csv,amount_inr,int64,0,0.0,23822
08_investor_transactions.csv,state,str,0,0.0,12
08_investor_transactions.csv,city,str,0,0.0,24
08_investor_transactions.csv,city_tier,str,0,0.0,2
08_investor_transactions.csv,age_group,str,0,0.0,5
08_investor_transactions.csv,gender,str,0,0.0,2
08_investor_transactions.csv,annual_income_lakh,float64,0,0.0,804
08_investor_transactions.csv,payment_mode,str,0,0.0,4
08_investor_transactions.csv,kyc_status,str,0,0.0,2
09_portfolio_holdings.csv,amfi_code,int64,0,0.0,34
09_portfolio_holdings.csv,stock_symbol,str,0,0.0,30
09_portfolio_holdings.csv,stock_name,str,0,0.0,30
09_portfolio_holdings.csv,sector,str,0,0.0,14
09_portfolio_holdings.csv,weight_pct,float64,0,0.0,295
09_portfolio_holdings.csv,market_value_cr,float64,0,0.0,322
09_portfolio_holdings.csv,current_price_inr,float64,0,0.0,322
09_portfolio_holdings.csv,portfolio_date,str,0,0.0,1
10_benchmark_indices.csv,date,str,0,0.0,1150
10_benchmark_indices.csv,index_name,str,0,0.0,7
10_benchmark_indices.csv,close_value,float64,0,0.0,8027
