file,column,missing_count,total_rows,missing_pct
01_fund_master.csv,amfi_code,0,40,0.0
01_fund_master.csv,fund_house,0,40,0.0
01_fund_master.csv,scheme_name,0,40,0.0
01_fund_master.csv,category,0,40,0.0
01_fund_master.csv,sub_category,0,40,0.0
01_fund_master.csv,plan,0,40,0.0
01_fund_master.csv,launch_date,0,40,0.0
01_fund_master.csv,benchmark,0,40,0.0
01_fund_master.csv,expense_ratio_pct,0,40,0.0
01_fund_master.csv,exit_load_pct,0,40,0.0
01_fund_master.csv,min_sip_amount,0,40,0.0
01_fund_master.csv,min_lumpsum_amount,0,40,0.0
01_fund_master.csv,fund_manager,0,40,0.0
01_fund_master.csv,risk_category,0,40,0.0
01_fund_master.csv,sebi_category_code,0,40,0.0
02_nav_history.csv,amfi_code,0,46000,0.0
02_nav_history.csv,date,0,46000,0.0
02_nav_history.csv,nav,0,46000,0.0
03_aum_by_fund_house.csv,date,0,90,0.0
03_aum_by_fund_house.csv,fund_house,0,90,0.0
03_aum_by_fund_house.csv,aum_lakh_crore,0,90,0.0
03_aum_by_fund_house.csv,aum_crore,0,90,0.0
03_aum_by_fund_house.csv,num_schemes,0,90,0.0
04_monthly_sip_inflows.csv,yoy_growth_pct,12,48,25.0
04_monthly_sip_inflows.csv,month,0,48,0.0
04_monthly_sip_inflows.csv,sip_inflow_crore,0,48,0.0
04_monthly_sip_inflows.csv,active_sip_accounts_crore,0,48,0.0
04_monthly_sip_inflows.csv,new_sip_accounts_lakh,0,48,0.0
04_monthly_sip_inflows.csv,sip_aum_lakh_crore,0,48,0.0
05_category_inflows.csv,month,0,144,0.0
05_category_inflows.csv,category,0,144,0.0
05_category_inflows.csv,net_inflow_crore,0,144,0.0
06_industry_folio_count.csv,month,0,21,0.0
06_industry_folio_count.csv,total_folios_crore,0,21,0.0
06_industry_folio_count.csv,equity_folios_crore,0,21,0.0
06_industry_folio_count.csv,debt_folios_crore,0,21,0.0
06_industry_folio_count.csv,hybrid_folios_crore,0,21,0.0
06_industry_folio_count.csv,others_folios_crore,0,21,0.0
07_scheme_performance.csv,amfi_code,0,40,0.0
07_scheme_performance.csv,scheme_name,0,40,0.0
07_scheme_performance.csv,fund_house,0,40,0.0
07_scheme_performance.csv,category,0,40,0.0
07_scheme_performance.csv,plan,0,40,0.0
07_scheme_performance.csv,return_1yr_pct,0,40,0.0
07_scheme_performance.csv,return_3yr_pct,0,40,0.0
07_scheme_performance.csv,return_5yr_pct,0,40,0.0
07_scheme_performance.csv,benchmark_3yr_pct,0,40,0.0
07_scheme_performance.csv,alpha,0,40,0.0
07_scheme_performance.csv,beta,0,40,0.0
07_scheme_performance.csv,sharpe_ratio,0,40,0.0
07_scheme_performance.csv,sortino_ratio,0,40,0.0
07_scheme_performance.csv,std_dev_ann_pct,0,40,0.0
07_scheme_performance.csv,max_drawdown_pct,0,40,0.0
07_scheme_performance.csv,aum_crore,0,40,0.0
07_scheme_performance.csv,expense_ratio_pct,0,40,0.0
07_scheme_performance.csv,morningstar_rating,0,40,0.0
07_scheme_performance.csv,risk_grade,0,40,0.0
08_investor_transactions.csv,investor_id,0,32778,0.0
08_investor_transactions.csv,transaction_date,0,32778,0.0
08_investor_transactions.csv,amfi_code,0,32778,0.0
08_investor_transactions.csv,transaction_type,0,32778,0.0
08_investor_transactions.csv,amount_inr,0,32778,0.0
08_investor_transactions.csv,state,0,32778,0.0
08_investor_transactions.csv,city,0,32778,0.0
08_investor_transactions.csv,city_tier,0,32778,0.0
08_investor_transactions.csv,age_group,0,32778,0.0
08_investor_transactions.csv,gender,0,32778,0.0
08_investor_transactions.csv,annual_income_lakh,0,32778,0.0
08_investor_transactions.csv,payment_mode,0,32778,0.0
08_investor_transactions.csv,kyc_status,0,32778,0.0
09_portfolio_holdings.csv,amfi_code,0,322,0.0
09_portfolio_holdings.csv,stock_symbol,0,322,0.0
09_portfolio_holdings.csv,stock_name,0,322,0.0
09_portfolio_holdings.csv,sector,0,322,0.0
09_portfolio_holdings.csv,weight_pct,0,322,0.0
09_portfolio_holdings.csv,market_value_cr,0,322,0.0
09_portfolio_holdings.csv,current_price_inr,0,322,0.0
09_portfolio_holdings.csv,portfolio_date,0,322,0.0
10_benchmark_indices.csv,date,0,8050,0.0
10_benchmark_indices.csv,index_name,0,8050,0.0
10_benchmark_indices.csv,close_value,0,8050,0.0
