file,column,count,mean,std,min,25%,50%,75%,max
01_fund_master.csv,amfi_code,40.0,120247.0,14534.998667231115,100016.0,118632.75,119551.5,120842.25,149324.0
01_fund_master.csv,expense_ratio_pct,40.0,1.237,0.3865839876238791,0.55,0.7875000000000001,1.4249999999999998,1.54,1.64
01_fund_master.csv,exit_load_pct,40.0,0.8125,0.38709138919607033,0.0,1.0,1.0,1.0,1.0
01_fund_master.csv,min_sip_amount,40.0,500.0,0.0,500.0,500.0,500.0,500.0,500.0
01_fund_master.csv,min_lumpsum_amount,40.0,1277.5,1082.8470308901865,100.0,1000.0,1000.0,1000.0,5000.0
02_nav_history.csv,amfi_code,46000.0,120247.0,14352.317221339148,100016.0,118632.75,119551.5,120842.25,149324.0
02_nav_history.csv,nav,46000.0,269.5702650021739,577.1870602670778,26.1366,69.170425,122.73214999999999,260.33867499999997,4268.5497
03_aum_by_fund_house.csv,aum_lakh_crore,90.0,4.35288888888889,2.7343282742039423,1.05,2.525,3.45,5.675,12.5
03_aum_by_fund_house.csv,aum_crore,90.0,435288.8888888889,273432.8274203943,105000.0,252500.0,345000.0,567500.0,1250000.0
03_aum_by_fund_house.csv,num_schemes,90.0,152.2,52.108831661040455,56.0,95.0,172.5,195.0,216.0
04_monthly_sip_inflows.csv,sip_inflow_crore,48.0,19577.520833333332,6354.329621268238,11438.0,13658.5,18224.0,25944.25,31002.0
04_monthly_sip_inflows.csv,active_sip_accounts_crore,48.0,7.189583333333334,1.2714574621331947,4.91,6.109999999999999,7.15,8.3,9.35
04_monthly_sip_inflows.csv,new_sip_accounts_lakh,48.0,9.893749999999999,5.370745272979724,7.5,8.775,9.2,9.5625,46.0
04_monthly_sip_inflows.csv,sip_aum_lakh_crore,48.0,8.632083333333334,3.6135789757779473,4.8,5.79,7.265,10.524999999999999,15.9
04_monthly_sip_inflows.csv,yoy_growth_pct,36.0,31.45694444444444,11.768189524414522,15.8,20.244999999999997,28.295,40.8075,53.05
05_category_inflows.csv,net_inflow_crore,144.0,6473.881944444444,9718.335946723491,437.0,1801.25,4148.0,5304.0,41952.0
06_industry_folio_count.csv,total_folios_crore,21.0,19.82952380952381,4.583375913222127,13.26,15.54,19.98,23.89,26.12
06_industry_folio_count.csv,equity_folios_crore,21.0,13.880476190476191,3.20779905260675,9.28,10.88,13.99,16.72,18.28
06_industry_folio_count.csv,debt_folios_crore,21.0,2.776190476190476,0.6403083334650282,1.86,2.18,2.8,3.34,3.66
06_industry_folio_count.csv,hybrid_folios_crore,21.0,1.1899999999999997,0.2748636025376951,0.8,0.93,1.2,1.43,1.57
06_industry_folio_count.csv,others_folios_crore,21.0,1.9833333333333336,0.45907878771876776,1.33,1.55,2.0,2.39,2.61
07_scheme_performance.csv,amfi_code,40.0,120247.0,14534.998667231115,100016.0,118632.75,119551.5,120842.25,149324.0
07_scheme_performance.csv,return_1yr_pct,40.0,14.376,4.883023338371109,4.26,11.735,14.620000000000001,16.392500000000002,24.93
07_scheme_performance.csv,return_3yr_pct,40.0,14.088999999999999,4.6172534848749365,5.14,12.035,14.205,15.8825,23.39
07_scheme_performance.csv,return_5yr_pct,40.0,14.516749999999998,4.4540211664609375,5.43,12.34,14.185,17.585,23.8
07_scheme_performance.csv,benchmark_3yr_pct,40.0,12.835500000000001,4.740971960284634,3.96,10.690000000000001,13.09,14.775,22.16
07_scheme_performance.csv,alpha,40.0,1.2535,0.4474116443357051,0.51,0.8875,1.205,1.7,1.98
07_scheme_performance.csv,beta,40.0,0.8732500000000002,0.22484624376078277,0.22,0.89,0.96,1.0,1.04
07_scheme_performance.csv,sharpe_ratio,40.0,1.3617500000000002,1.4758046696893605,0.8,0.865,0.925,0.985,7.68
07_scheme_performance.csv,sortino_ratio,40.0,2.0825,2.2031443147907654,1.03,1.27,1.4449999999999998,1.6375,10.37
07_scheme_performance.csv,std_dev_ann_pct,40.0,14.9625,6.669282339433301,0.5,14.0,14.0,19.0,25.0
07_scheme_performance.csv,max_drawdown_pct,40.0,-19.20025,8.819164006982255,-33.5,-25.0625,-20.6,-14.254999999999999,-2.23
07_scheme_performance.csv,aum_crore,40.0,26091.6,13809.111339609932,979.0,17400.5,26713.0,38125.0,49046.0
07_scheme_performance.csv,expense_ratio_pct,40.0,1.237,0.3865839876238791,0.55,0.7875000000000001,1.4249999999999998,1.54,1.64
07_scheme_performance.csv,morningstar_rating,40.0,4.25,0.7424837043882184,3.0,4.0,4.0,5.0,5.0
08_investor_transactions.csv,amfi_code,32778.0,120264.61751784733,14370.205344542517,100016.0,118632.0,119551.0,120843.0,149324.0
08_investor_transactions.csv,amount_inr,32778.0,107437.31862834828,150415.90508429531,400.0,3153.0,17782.5,189324.25,597498.0
08_investor_transactions.csv,annual_income_lakh,32778.0,26.181219110378912,20.805425044341735,3.0,10.6,19.7,37.4,99.7
09_portfolio_holdings.csv,amfi_code,322.0,121210.43478260869,14669.37792036526,100016.0,118633.0,119552.0,120842.75,149324.0
09_portfolio_holdings.csv,weight_pct,322.0,10.558975155279503,6.060136782691129,0.99,6.015000000000001,9.395,13.9175,38.18
09_portfolio_holdings.csv,market_value_cr,322.0,1008.8466459627329,543.8275354795164,55.74,513.7025,1045.67,1477.5025,1999.5
09_portfolio_holdings.csv,current_price_inr,322.0,4080.8705279503106,2265.1863533278747,246.78,2081.9849999999997,4138.995,5914.3075,7942.96
10_benchmark_indices.csv,close_value,8050.0,18351.950181366457,14169.99512123646,1444.13,2819.0625,18392.96,26539.0975,79075.39
