order_id,order_date,customer_id,state,city,city_tier,product,quantity,unit_price,discount_pct,sales_amount,month,profit_margin_pct,profit
ORD00001,2026-06-13,CUST0014,Andhra Pradesh,Vijayawada,Tier 2,Headset,2,2494.62,0.1,4490.32,2026-06,0.1624,729.23
ORD00002,2026-06-23,CUST0030,Andhra Pradesh,Kurnool,Tier 2,Printer,1,7625.74,0.0,7625.74,2026-06,0.2892,2205.36
ORD00003,2026-05-10,CUST0076,Telangana,Kurnool,Tier 2,Mouse,5,1213.18,0.05,5762.61,2026-05,0.241,1388.79
ORD00004,2026-03-13,CUST0044,Telangana,Hyderabad,Tier 2,Printer,3,12835.3,0.0,38505.9,2026-03,0.2117,8151.7
ORD00005,2026-01-27,CUST0034,Andhra Pradesh,Visakhapatnam,Tier 2,Monitor,3,22559.91,0.08,62265.35,2026-01,0.1143,7116.93
ORD00006,2026-01-12,CUST0080,Gujarat,,Tier 2,Printer,1,18592.85,0.1,16733.56,2026-01,0.1143,1912.65
ORD00007,2026-04-03,CUST0011,Maharashtra,Nagpur,Tier 1,Monitor,1,19580.21,0.02,19188.61,2026-04,0.0928,1780.7
ORD00008,2026-03-01,CUST0021,Andhra Pradesh,Visakhapatnam,Tier 2,Headset,4,4886.97,0.02,19156.92,2026-03,0.2706,5183.86
ORD00009,2026-04-05,CUST0069,Delhi,New Delhi,Tier 1,Headset,1,4732.96,0.0,4732.96,2026-04,0.2122,1004.33
ORD00010,2026-03-04,CUST0072,Karnataka,Mysuru,Tier 1,Printer,3,27779.99,0.1,75005.97,2026-03,0.2358,17686.41
ORD00011,2026-02-26,CUST0035,Delhi,New Delhi,Tier 1,Mouse,1,1868.58,0.05,1775.15,2026-02,0.0845,150.0
ORD00012,2026-01-17,CUST0059,Maharashtra,Nagpur,Tier 1,Webcam,2,6519.16,0.05,12386.4,2026-01,0.2934,3634.17
ORD00013,2026-02-06,CUST0075,Tamil Nadu,Chennai,Tier 1,Mouse,5,1416.26,0.1,6373.17,2026-02,0.2631,1676.78
ORD00014,2026-04-20,CUST0007,Kerala,Thiruvananthapuram,Tier 2,Mouse,2,1366.19,0.0,2732.38,2026-04,0.1267,346.19
ORD00015,2026-01-29,CUST0077,Karnataka,Bengaluru,Tier 1,Printer,5,8334.08,0.05,39586.88,2026-01,0.12,4750.43
ORD00016,2026-04-30,CUST0044,Tamil Nadu,Chennai,Tier 1,Monitor,5,21014.04,0.1,94563.18,2026-04,0.1203,11375.95
ORD00017,2026-01-29,CUST0034,Tamil Nadu,Coimbatore,Tier 1,Keyboard,4,808.76,0.1,2911.54,2026-01,0.1469,427.71
ORD00018,2026-05-09,CUST0048,Karnataka,Bengaluru,Tier 1,,5,4732.03,0.0,23660.15,2026-05,0.1954,4623.19
ORD00019,2026-02-11,CUST0040,Telangana,Kurnool,Tier 2,Webcam,4,1940.23,0.02,7605.7,2026-02,0.175,1331.0
ORD00020,2026-03-03,CUST0009,Telangana,Hyderabad,Tier 2,Office Chair,1,8456.11,0.05,8033.3,2026-03,0.1441,1157.6
ORD00021,2026-05-17,CUST0078,Karnataka,Bengaluru,Tier 1,SSD,5,6729.21,0.08,30954.37,2026-05,0.2146,6642.81
ORD00022,2026-04-19,CUST0048,Maharashtra,Nagpur,Tier 1,Mouse,3,1178.29,0.1,3181.38,2026-04,0.1107,352.18
ORD00023,2026-04-23,CUST0076,Gujarat,Ahmedabad,Tier 2,Mouse,2,608.84,0.0,1217.68,2026-04,0.1443,175.71
ORD00024,2026-05-22,CUST0008,Maharashtra,Nagpur,Tier 1,Mouse,1,620.69,0.1,558.62,2026-05,0.1606,89.71
ORD00025,2026-02-28,CUST0063,Andhra Pradesh,Vijayawada,Tier 2,Webcam,1,5501.92,0.02,5391.88,2026-02,0.1803,972.16
ORD00026,2026-02-24,CUST0013,Karnataka,Mysuru,Tier 1,Mouse,4,1872.74,0.0,7490.96,2026-02,0.2527,1892.97
ORD00027,2026-01-25,CUST0007,Kerala,Thiruvananthapuram,Tier 2,Printer,4,16807.52,0.1,60507.07,2026-01,0.1239,7496.83
ORD00028,2026-06-22,CUST0032,Andhra Pradesh,Vijayawada,Tier 2,Printer,3,23812.44,0.0,71437.32,2026-06,0.1931,13794.55
ORD00029,2026-02-19,CUST0060,Maharashtra,Nagpur,Tier 1,SSD,2,10195.4,0.02,19982.98,2026-02,0.2103,4202.42
ORD00030,2026-03-05,CUST0002,Andhra Pradesh,Visakhapatnam,Tier 2,Router,1,2138.94,0.08,1967.82,2026-03,0.0902,177.5
ORD00031,2026-01-24,CUST0008,Maharashtra,Mumbai,Tier 1,Printer,4,17108.53,0.05,65012.41,2026-01,0.2137,13893.15
ORD00032,2026-02-12,CUST0037,Kerala,Kochi,Tier 2,Printer,3,26456.88,0.05,75402.11,2026-02,0.1175,8859.75
ORD00033,2026-04-19,CUST0075,Gujarat,Ahmedabad,Tier 2,Mouse,3,870.09,0.0,2610.27,2026-04,0.0943,246.15
ORD00034,2026-05-19,CUST0065,Telangana,Kurnool,Tier 2,Webcam,1,2161.02,0.05,2052.97,2026-05,0.2888,592.9
ORD00035,2026-05-16,CUST0077,Karnataka,Bengaluru,Tier 1,Router,1,7504.0,0.0,7504.0,2026-05,0.2924,2194.17
ORD00036,2026-01-18,CUST0006,Maharashtra,Pune,Tier 1,Monitor,5,12939.45,0.08,59521.47,2026-01,0.2578,15344.63
ORD00037,2026-06-08,CUST0027,Andhra Pradesh,Visakhapatnam,Tier 2,Office Chair,5,15887.31,0.02,77847.82,2026-06,0.147,11443.63
ORD00038,2026-06-21,CUST0039,Delhi,New Delhi,Tier 1,Headset,4,1959.09,0.1,7052.72,2026-06,0.1015,715.85
ORD00039,2026-04-28,CUST0013,Delhi,New Delhi,Tier 1,Laptop,4,76740.57,0.08,282405.3,2026-04,0.2305,65094.42
ORD00040,2026-01-19,CUST0032,Maharashtra,Nagpur,Tier 1,Headset,2,6612.9,0.0,13225.8,2026-01,0.1768,2338.32
ORD00041,2026-04-05,CUST0068,Tamil Nadu,Chennai,Tier 1,SSD,5,13997.79,0.08,64389.83,2026-04,0.1068,6876.83
ORD00042,2026-01-03,CUST0071,Tamil Nadu,Chennai,Tier 1,Keyboard,3,1111.66,0.0,3334.98,2026-01,0.1889,629.98
ORD00043,2026-02-09,CUST0034,Tamil Nadu,Coimbatore,Tier 1,Office Chair,2,19199.41,0.0,38398.82,2026-02,0.0876,3363.74
ORD00044,2026-05-10,CUST0006,Gujarat,Surat,Tier 2,Laptop,1,77199.96,0.02,75655.96,2026-05,0.2801,21191.23
ORD00045,2026-01-01,CUST0055,Delhi,New Delhi,Tier 1,Headset,2,5499.14,0.08,10118.42,2026-01,0.1369,1385.21
ORD00046,2026-05-24,CUST0075,Telangana,Hyderabad,Tier 2,Monitor,2,17729.44,0.02,34749.7,2026-05,0.2258,7846.48
ORD00047,2026-05-22,CUST0046,Karnataka,Mysuru,Tier 1,Keyboard,1,1632.3,0.0,1632.3,2026-05,0.1486,242.56
ORD00048,2026-02-23,CUST0080,Maharashtra,Nagpur,Tier 1,Monitor,3,21481.86,0.05,61223.3,2026-02,0.1944,11901.81
ORD00049,2026-02-09,CUST0043,Maharashtra,Mumbai,Tier 1,Keyboard,4,866.92,0.1,3120.91,2026-02,0.2003,625.12
ORD00050,2026-04-16,CUST0061,Maharashtra,Pune,Tier 1,Keyboard,1,1832.86,0.0,1832.86,2026-04,0.1207,221.23
ORD00051,2026-02-26,CUST0029,Maharashtra,Pune,Tier 1,Webcam,3,7707.86,0.0,23123.58,2026-02,0.2933,6782.15
ORD00052,2026-01-07,CUST0045,Maharashtra,Pune,Tier 1,Webcam,3,8023.34,0.02,23588.62,2026-01,0.2505,5908.95
ORD00053,2026-06-14,CUST0023,Kerala,Thiruvananthapuram,Tier 2,Laptop,1,85696.34,0.02,83982.41,2026-06,0.2867,24077.76
ORD00054,2026-05-29,CUST0041,Tamil Nadu,Chennai,Tier 1,Monitor,5,15953.02,0.1,71788.59,2026-05,0.2769,19878.26
ORD00055,2026-04-22,CUST0056,Andhra Pradesh,Visakhapatnam,Tier 2,Office Chair,2,11330.28,0.1,20394.5,2026-04,0.2115,4313.44
ORD00056,2026-01-01,CUST0080,Maharashtra,Pune,Tier 1,Printer,1,26926.36,0.02,26387.83,2026-01,0.2828,7462.48
ORD00057,2026-03-22,CUST0042,Andhra Pradesh,Kurnool,Tier 2,Headset,5,2993.85,0.05,14220.79,2026-03,0.0995,1414.97
ORD00058,2026-04-14,CUST0023,Tamil Nadu,Chennai,Tier 1,Mouse,4,1630.38,0.05,6195.44,2026-04,0.1231,762.66
ORD00059,2026-06-07,CUST0056,Tamil Nadu,Coimbatore,Tier 1,Router,1,3835.96,0.0,3835.96,2026-06,0.09,345.24
ORD00060,2026-05-29,CUST0061,Delhi,New Delhi,Tier 1,SSD,4,13620.97,0.08,50125.17,2026-05,0.1516,7598.98
ORD00061,2026-02-13,CUST0040,Andhra Pradesh,Visakhapatnam,Tier 2,Router,5,4045.76,0.0,20228.8,2026-02,0.1655,3347.87
ORD00062,2026-02-27,CUST0079,Maharashtra,Mumbai,Tier 1,Laptop,1,63569.49,0.05,60391.02,2026-02,0.1397,8436.63
ORD00063,2026-01-19,CUST0064,Gujarat,Surat,Tier 2,Office Chair,2,19211.88,0.05,36502.57,2026-01,0.2623,9574.62
ORD00064,2026-04-13,CUST0023,Maharashtra,Mumbai,Tier 1,Laptop,1,82244.71,0.0,82244.71,2026-04,0.1585,13035.79
ORD00065,2026-06-28,CUST0059,Gujarat,Ahmedabad,Tier 2,Router,2,7947.05,0.0,15894.1,2026-06,0.1418,2253.78
ORD00066,2026-02-04,CUST0055,Gujarat,Surat,Tier 2,SSD,5,15502.59,0.08,71311.91,2026-02,0.1994,14219.59
ORD00067,2026-05-21,CUST0036,Gujarat,Ahmedabad,Tier 2,SSD,4,7999.09,0.0,31996.36,2026-05,0.111,3551.6
ORD00068,2026-05-14,CUST0031,Gujarat,Ahmedabad,Tier 2,Headset,4,1649.4,0.02,6465.65,2026-05,0.2565,1658.44
ORD00069,2026-03-11,CUST0050,Delhi,New Delhi,Tier 1,Router,1,2727.11,0.0,2727.11,2026-03,0.0964,262.89
ORD00070,2026-06-27,CUST0060,Karnataka,Bengaluru,Tier 1,Monitor,4,15521.59,0.08,57119.45,2026-06,0.2971,16970.19
ORD00071,2026-04-17,CUST0003,Telangana,Hyderabad,Tier 2,Printer,4,26001.61,0.08,95685.92,2026-04,0.2499,23911.91
ORD00072,2026-05-28,CUST0054,Kerala,Thiruvananthapuram,Tier 2,Laptop,3,65451.44,0.05,186536.6,2026-05,0.1237,23074.58
ORD00073,2026-05-18,CUST0050,Maharashtra,Pune,Tier 1,Mouse,3,1240.92,0.0,3722.76,2026-05,0.0812,302.29
ORD00074,2026-03-28,CUST0004,Kerala,Kochi,Tier 2,SSD,2,17739.75,0.08,32641.14,2026-03,0.2594,8467.11
ORD00075,2026-04-11,CUST0007,Telangana,Hyderabad,Tier 2,Printer,2,25203.88,0.0,50407.76,2026-04,0.2355,11871.03
ORD00076,2026-03-08,CUST0036,Kerala,Thiruvananthapuram,Tier 2,Mouse,4,1055.64,0.05,4011.43,2026-03,0.2404,964.35
ORD00077,2026-04-18,CUST0045,Tamil Nadu,Chennai,Tier 1,SSD,1,14611.83,0.0,14611.83,2026-04,0.2497,3648.57
ORD00078,2026-02-27,CUST0003,Andhra Pradesh,Kurnool,Tier 2,Laptop,1,88236.41,0.0,88236.41,2026-02,0.0963,8497.17
ORD00079,2026-06-09,CUST0028,Karnataka,Bengaluru,Tier 1,Keyboard,4,2607.54,0.08,9595.75,2026-06,0.1589,1524.76
ORD00080,2026-04-30,CUST0015,Tamil Nadu,Coimbatore,Tier 1,Keyboard,5,2439.57,0.1,10978.07,2026-04,0.1055,1158.19
ORD00081,2026-02-11,CUST0049,Tamil Nadu,Chennai,Tier 1,Office Chair,1,22791.08,0.08,20967.79,2026-02,0.2699,5659.21
ORD00082,2026-04-12,CUST0077,Maharashtra,Mumbai,Tier 1,Office Chair,2,8732.32,0.02,17115.35,2026-04,0.2171,3715.74
ORD00083,2026-01-31,CUST0065,Telangana,Warangal,Tier 2,Router,4,6232.19,0.0,24928.76,2026-01,0.1528,3809.11
ORD00084,2026-06-15,CUST0059,Delhi,New Delhi,Tier 1,Printer,4,9216.32,0.02,36127.97,2026-06,0.094,3396.03
ORD00085,2026-02-09,CUST0062,Kerala,Kochi,Tier 2,Router,3,5926.61,0.08,16357.44,2026-02,0.1484,2427.44
ORD00086,2026-04-30,CUST0036,Kerala,Thiruvananthapuram,Tier 2,Webcam,2,7781.26,0.0,15562.52,2026-04,0.1515,2357.72
ORD00087,2026-04-26,CUST0004,Maharashtra,Pune,Tier 1,Office Chair,5,18359.2,0.02,89960.08,2026-04,0.2405,21635.4
ORD00088,2026-05-07,CUST0044,Delhi,New Delhi,Tier 1,SSD,2,9290.14,0.02,18208.67,2026-05,0.2203,4011.37
ORD00089,2026-03-13,CUST0053,Tamil Nadu,Chennai,Tier 1,Router,2,2373.61,0.1,4272.5,2026-03,0.2752,1175.79
ORD00090,2026-05-06,CUST0012,Maharashtra,Nagpur,Tier 1,SSD,4,10550.36,0.0,42201.44,2026-05,0.1839,7760.84
ORD00091,2026-03-17,CUST0061,Maharashtra,Pune,Tier 1,Mouse,3,1628.73,0.02,4788.47,2026-03,0.1063,509.01
ORD00092,2026-05-22,CUST0035,Delhi,New Delhi,Tier 1,Router,3,4157.13,0.05,11847.82,2026-05,0.2369,2806.75
ORD00093,2026-03-20,CUST0069,Tamil Nadu,Chennai,Tier 1,Monitor,2,14048.77,0.1,25287.79,2026-03,0.2474,6256.2
ORD00094,2026-06-26,CUST0068,Karnataka,Bengaluru,Tier 1,Mouse,4,970.05,0.08,3569.78,2026-06,0.2035,726.45
ORD00095,2026-06-02,CUST0039,Tamil Nadu,Chennai,Tier 1,Mouse,3,886.72,0.0,2660.16,2026-06,0.2496,663.98
ORD00096,2026-01-04,CUST0017,Karnataka,Mysuru,Tier 1,Laptop,1,74367.56,0.1,66930.8,2026-01,0.1886,12623.15
ORD00097,2026-06-13,CUST0057,Gujarat,Ahmedabad,Tier 2,Laptop,5,64951.88,0.05,308521.43,2026-06,0.195,60161.68
ORD00098,2026-03-29,CUST0052,Karnataka,Bengaluru,Tier 1,Headset,4,1861.71,0.0,7446.84,2026-03,0.1741,1296.49
ORD00099,2026-05-06,CUST0039,Andhra Pradesh,Kurnool,Tier 2,Laptop,2,60221.92,0.08,110808.33,2026-05,0.0856,9485.19
ORD00100,2026-01-22,CUST0029,Maharashtra,Mumbai,Tier 1,Router,4,5862.33,0.08,21573.37,2026-01,0.1037,2237.16
ORD00101,2026-05-14,CUST0040,Kerala,Thiruvananthapuram,Tier 2,SSD,3,16112.25,0.05,45919.91,2026-05,0.0869,3990.44
ORD00102,2026-05-26,CUST0011,Telangana,Kurnool,Tier 2,Monitor,2,19008.24,0.02,37256.15,2026-05,0.22,8196.35
ORD00103,2026-02-10,CUST0058,Maharashtra,Mumbai,Tier 1,Router,1,2848.77,0.05,2706.33,2026-02,0.1492,403.78
ORD00104,2026-06-26,CUST0059,Gujarat,Surat,Tier 2,Laptop,2,65083.67,0.02,127563.99,2026-06,0.1919,24479.53
ORD00105,2026-01-19,CUST0029,Maharashtra,Pune,Tier 1,Office Chair,2,14227.36,0.08,26178.34,2026-01,0.2797,7322.08
ORD00106,2026-06-15,CUST0077,Karnataka,Mysuru,Tier 1,Keyboard,1,961.02,0.02,941.8,2026-06,0.1348,126.95
ORD00107,2026-05-26,CUST0052,Tamil Nadu,Coimbatore,Tier 1,Monitor,4,20018.85,0.1,72067.86,2026-05,0.1703,12273.16
ORD00108,2026-03-11,CUST0042,Gujarat,Surat,Tier 2,Monitor,5,9637.77,0.05,45779.41,2026-03,0.2462,11270.89
ORD00109,2026-06-04,CUST0076,Tamil Nadu,Chennai,Tier 1,Monitor,2,24390.58,0.08,44878.67,2026-06,0.1303,5847.69
ORD00110,2026-01-06,CUST0036,Tamil Nadu,Chennai,Tier 1,Keyboard,4,2201.2,0.05,8364.56,2026-01,0.0969,810.53
ORD00111,2026-02-16,CUST0042,Kerala,Thiruvananthapuram,Tier 2,Monitor,4,14567.38,0.02,57104.13,2026-02,0.1437,8205.86
ORD00112,2026-06-21,CUST0052,Andhra Pradesh,Vijayawada,Tier 2,Webcam,4,6794.45,0.02,26634.24,2026-06,0.1155,3076.25
ORD00113,2026-05-21,CUST0052,Telangana,Warangal,Tier 2,Monitor,3,13038.38,0.0,39115.14,2026-05,0.2845,11128.26
ORD00114,2026-05-12,CUST0067,Telangana,Kurnool,Tier 2,Router,4,4568.76,0.0,18275.04,2026-05,0.2578,4711.31
ORD00115,2026-04-03,CUST0037,Gujarat,Surat,Tier 2,Laptop,2,64346.97,0.0,128693.94,2026-04,0.2193,28222.58
ORD00116,2026-04-23,CUST0021,Gujarat,Ahmedabad,Tier 2,Laptop,5,82975.98,0.1,373391.91,2026-04,0.2717,101450.58
ORD00117,2026-03-21,CUST0060,Telangana,Kurnool,Tier 2,Printer,1,11718.71,0.0,11718.71,2026-03,0.2568,3009.36
ORD00118,2026-01-31,CUST0062,Karnataka,Mysuru,Tier 1,Headset,5,5291.39,0.05,25134.1,2026-01,0.121,3041.23
ORD00119,2026-05-01,CUST0066,Maharashtra,Pune,Tier 1,Router,2,4370.03,0.08,8040.86,2026-05,0.2764,2222.49
ORD00120,2026-02-04,CUST0035,Andhra Pradesh,Visakhapatnam,Tier 2,Printer,3,26619.22,0.08,73469.05,2026-02,0.1987,14598.3
ORD00121,2026-01-01,CUST0020,Tamil Nadu,Coimbatore,Tier 1,Office Chair,5,23981.34,0.05,113911.36,2026-01,0.2576,29343.57
ORD00122,2026-04-25,CUST0059,Gujarat,Surat,Tier 2,Webcam,5,7292.68,0.05,34640.23,2026-04,0.2771,9598.81
ORD00123,2026-03-24,CUST0006,Maharashtra,Nagpur,Tier 1,Mouse,5,1151.05,0.05,5467.49,2026-03,0.15,820.12
ORD00124,2026-03-23,CUST0017,Gujarat,Surat,Tier 2,Printer,2,17401.9,0.0,34803.8,2026-03,0.1042,3626.56
ORD00125,2026-05-09,CUST0002,Delhi,New Delhi,Tier 1,SSD,1,11600.34,0.05,11020.32,2026-05,0.1301,1433.74
ORD00126,2026-02-06,CUST0044,Kerala,Kochi,Tier 2,Monitor,4,21504.4,0.02,84297.25,2026-02,0.174,14667.72
ORD00127,2026-06-09,CUST0063,Kerala,Kochi,Tier 2,Webcam,5,4536.07,0.02,22226.74,2026-06,0.26,5778.95
ORD00128,2026-05-19,CUST0030,Telangana,Kurnool,Tier 2,Monitor,2,19098.58,0.02,37433.22,2026-05,0.2694,10084.51
ORD00129,2026-01-24,CUST0004,Kerala,Kochi,Tier 2,Monitor,4,11661.84,0.02,45714.41,2026-01,0.0815,3725.72
ORD00130,2026-01-12,CUST0032,Delhi,New Delhi,Tier 1,Headset,3,3374.08,0.0,10122.24,2026-01,0.1924,1947.52
ORD00131,2026-05-16,CUST0080,Kerala,Kochi,Tier 2,Keyboard,2,1013.21,0.05,1925.1,2026-05,0.1718,330.73
ORD00132,2026-06-24,CUST0033,Maharashtra,Pune,Tier 1,Office Chair,2,10947.2,0.1,19704.96,2026-06,0.1289,2539.97
ORD00133,2026-04-28,CUST0010,Tamil Nadu,Chennai,Tier 1,SSD,3,13647.75,0.0,40943.25,2026-04,0.1064,4356.36
ORD00134,2026-04-24,CUST0026,Delhi,New Delhi,Tier 1,Printer,3,16593.55,0.02,48785.04,2026-04,0.1543,7527.53
ORD00135,2026-04-09,CUST0038,Gujarat,Ahmedabad,Tier 2,Mouse,4,1472.27,0.08,5417.95,2026-04,0.2874,1557.12
ORD00136,2026-06-29,CUST0007,Tamil Nadu,Chennai,Tier 1,Printer,3,7170.06,0.1,19359.16,2026-06,0.1511,2925.17
ORD00137,2026-06-05,CUST0025,Gujarat,Surat,Tier 2,Mouse,5,1863.28,0.0,9316.4,2026-06,0.1941,1808.31
ORD00138,2026-06-08,CUST0005,Tamil Nadu,Chennai,Tier 1,Monitor,1,13942.93,0.05,13245.78,2026-06,0.2347,3108.78
ORD00139,2026-05-29,CUST0023,Delhi,New Delhi,Tier 1,Monitor,3,14227.51,0.05,40548.4,2026-05,0.16,6487.74
ORD00140,2026-02-21,CUST0033,Karnataka,Mysuru,Tier 1,Router,5,7920.36,0.0,39601.8,2026-02,0.2938,11635.01
ORD00141,2026-05-04,CUST0029,Tamil Nadu,Coimbatore,Tier 1,Monitor,4,24406.29,0.0,97625.16,2026-05,0.2917,28477.26
ORD00142,2026-06-23,CUST0016,Kerala,Thiruvananthapuram,Tier 2,Monitor,4,9222.7,0.08,33939.54,2026-06,0.1354,4595.41
ORD00143,2026-04-27,CUST0014,Delhi,New Delhi,Tier 1,Office Chair,4,20981.09,0.02,82245.87,2026-04,0.1894,15577.37
ORD00144,2026-06-22,CUST0042,Maharashtra,Pune,Tier 1,Laptop,5,85948.22,0.08,395361.81,2026-06,0.1462,57801.9
ORD00145,2026-06-06,CUST0053,Maharashtra,Nagpur,Tier 1,Monitor,4,23550.2,0.02,92316.78,2026-06,0.1427,13173.6
ORD00146,2026-01-30,CUST0013,Karnataka,Bengaluru,Tier 1,Laptop,3,89857.46,0.0,269572.38,2026-01,0.0881,23749.33
ORD00147,2026-03-02,CUST0070,Karnataka,Mysuru,Tier 1,SSD,3,13551.56,0.1,36589.21,2026-03,0.2141,7833.75
ORD00148,2026-04-18,CUST0005,Karnataka,Mysuru,Tier 1,Monitor,4,18850.44,0.02,73893.72,2026-04,0.1906,14084.14
ORD00149,2026-06-26,CUST0013,Delhi,New Delhi,Tier 1,SSD,4,17332.49,0.02,67943.36,2026-06,0.0913,6203.23
ORD00150,2026-06-25,CUST0059,Delhi,New Delhi,Tier 1,Laptop,4,64655.85,0.0,258623.4,2026-06,0.1413,36543.49
ORD00151,2026-01-24,CUST0032,Maharashtra,Nagpur,Tier 1,Office Chair,1,7859.83,0.02,7702.63,2026-01,0.2798,2155.2
ORD00152,2026-02-02,CUST0043,Maharashtra,Mumbai,Tier 1,Router,2,5728.77,0.0,11457.54,2026-02,0.1327,1520.42
ORD00153,2026-02-07,CUST0015,Telangana,Warangal,Tier 2,Keyboard,2,2258.58,0.0,4517.16,2026-02,0.1119,505.47
ORD00154,2026-06-19,CUST0076,Telangana,Hyderabad,Tier 2,Laptop,3,82649.46,0.0,247948.38,2026-06,0.1877,46539.91
ORD00155,2026-03-24,CUST0068,Telangana,Hyderabad,Tier 2,Headset,1,1935.2,0.05,1838.44,2026-03,0.2968,545.65
ORD00156,2026-01-30,CUST0058,Andhra Pradesh,Visakhapatnam,Tier 2,SSD,3,11428.71,0.0,34286.13,2026-01,0.1333,4570.34
ORD00157,2026-05-09,CUST0004,Maharashtra,Nagpur,Tier 1,Laptop,5,65557.06,0.1,295006.77,2026-05,0.2279,67232.04
ORD00158,2026-01-16,CUST0010,Gujarat,Surat,Tier 2,Printer,1,17295.65,0.05,16430.87,2026-01,0.2476,4068.28
ORD00159,2026-01-21,CUST0075,Delhi,New Delhi,Tier 1,Monitor,2,13400.26,0.1,24120.47,2026-01,0.1323,3191.14
ORD00160,2026-05-21,CUST0078,Delhi,New Delhi,Tier 1,Office Chair,5,12013.26,0.08,55261.0,2026-05,0.2402,13273.69
ORD00161,2026-04-21,CUST0056,Andhra Pradesh,Kurnool,Tier 2,Monitor,5,20533.44,0.0,102667.2,2026-04,0.1609,16519.15
ORD00162,2026-04-26,CUST0013,Maharashtra,Pune,Tier 1,Webcam,4,4670.86,0.1,16815.1,2026-04,0.2191,3684.19
ORD00163,2026-03-22,CUST0061,Kerala,Thiruvananthapuram,Tier 2,Headset,3,6730.84,0.1,18173.27,2026-03,0.2194,3987.22
ORD00164,2026-01-18,CUST0048,Andhra Pradesh,Vijayawada,Tier 2,Monitor,4,10545.03,0.1,37962.11,2026-01,0.1979,7512.7
ORD00165,2026-02-03,CUST0053,Telangana,Kurnool,Tier 2,Router,5,4008.63,0.0,20043.15,2026-02,0.0999,2002.31
ORD00166,2026-04-01,CUST0074,Kerala,Kochi,Tier 2,Headset,5,3012.2,0.0,15061.0,2026-04,0.2638,3973.09
ORD00167,2026-05-10,CUST0072,Maharashtra,Mumbai,Tier 1,SSD,2,15938.21,0.02,31238.89,2026-05,0.1506,4704.58
ORD00168,2026-04-05,CUST0080,Andhra Pradesh,Visakhapatnam,Tier 2,Office Chair,2,20722.76,0.08,38129.88,2026-04,0.121,4613.72
ORD00169,2026-06-07,CUST0040,Telangana,Kurnool,Tier 2,Headset,1,2246.41,0.1,2021.77,2026-06,0.089,179.94
ORD00170,2026-03-28,CUST0009,Delhi,New Delhi,Tier 1,Keyboard,2,2329.07,0.05,4425.23,2026-03,0.21,929.3
ORD00171,2026-02-06,CUST0044,Telangana,Hyderabad,Tier 2,Router,2,4320.5,0.05,8208.95,2026-02,0.2291,1880.67
ORD00172,2026-02-10,CUST0020,Delhi,New Delhi,Tier 1,Webcam,5,6092.81,0.0,30464.05,2026-02,0.0836,2546.79
ORD00173,2026-02-10,CUST0063,Telangana,Kurnool,Tier 2,Monitor,3,16089.81,0.05,45855.96,2026-02,0.1927,8836.44
ORD00174,2026-06-05,CUST0045,Gujarat,Surat,Tier 2,Headset,2,5578.67,0.0,11157.34,2026-06,0.1298,1448.22
ORD00175,2026-04-21,CUST0006,Andhra Pradesh,Visakhapatnam,Tier 2,Office Chair,4,15957.88,0.02,62554.89,2026-04,0.2219,13880.93
ORD00176,2026-02-26,CUST0018,Kerala,Kochi,Tier 2,Laptop,2,65549.68,0.0,131099.36,2026-02,0.1184,15522.16
ORD00177,2026-03-07,CUST0023,Tamil Nadu,Coimbatore,Tier 1,Monitor,1,16958.17,0.05,16110.26,2026-03,0.232,3737.58
ORD00178,2026-02-03,CUST0010,Kerala,Kochi,Tier 2,Router,5,7383.47,0.02,36179.0,2026-02,0.1651,5973.15
ORD00179,2026-04-12,CUST0074,Telangana,Warangal,Tier 2,Laptop,4,87240.69,0.02,341983.5,2026-04,0.2861,97841.48
ORD00180,2026-04-20,CUST0022,Kerala,Thiruvananthapuram,Tier 2,Headset,1,3549.19,0.02,3478.21,2026-04,0.1103,383.65
ORD00181,2026-06-08,CUST0056,Gujarat,Surat,Tier 2,Monitor,4,22511.75,0.0,90047.0,2026-06,0.155,13957.28
ORD00182,2026-05-31,CUST0043,Kerala,Kochi,Tier 2,Printer,3,22661.9,0.0,67985.7,2026-05,0.105,7138.5
ORD00183,2026-02-13,CUST0045,Andhra Pradesh,Kurnool,Tier 2,Monitor,5,17159.23,0.02,84080.23,2026-02,0.2834,23828.34
ORD00184,2026-06-15,CUST0078,Karnataka,Bengaluru,Tier 1,Monitor,2,13095.49,0.0,26190.98,2026-06,0.273,7150.14
ORD00185,2026-02-09,CUST0058,Andhra Pradesh,Vijayawada,Tier 2,SSD,4,14685.02,0.08,54040.87,2026-02,0.1367,7387.39
ORD00186,2026-06-24,CUST0039,Delhi,New Delhi,Tier 1,Keyboard,4,984.37,0.05,3740.61,2026-06,0.2252,842.39
ORD00187,2026-03-12,CUST0005,Telangana,Warangal,Tier 2,Router,1,3879.73,0.05,3685.74,2026-03,0.2598,957.56
ORD00188,2026-01-15,CUST0050,Delhi,New Delhi,Tier 1,Monitor,1,18840.13,0.08,17332.92,2026-01,0.2021,3502.98
ORD00189,2026-04-29,CUST0065,Telangana,Warangal,Tier 2,Office Chair,2,12465.95,0.05,23685.31,2026-04,0.1965,4654.16
ORD00190,2026-02-08,CUST0065,Telangana,Warangal,Tier 2,Monitor,3,24718.17,0.0,74154.51,2026-02,0.1332,9877.38
ORD00191,2026-06-15,CUST0067,Karnataka,Bengaluru,Tier 1,Mouse,4,2184.68,0.08,8039.62,2026-06,0.1005,807.98
ORD00192,2026-06-06,CUST0077,Karnataka,Mysuru,Tier 1,Webcam,3,4589.4,0.02,13492.84,2026-06,0.2774,3742.91
ORD00193,2026-01-14,CUST0037,Delhi,New Delhi,Tier 1,Webcam,1,5817.34,0.05,5526.47,2026-01,0.2781,1536.91
ORD00194,2026-03-06,CUST0040,Karnataka,Mysuru,Tier 1,Monitor,5,19617.79,0.02,96127.17,2026-03,0.2193,21080.69
ORD00195,2026-06-17,CUST0043,Kerala,Kochi,Tier 2,Office Chair,1,12262.89,0.05,11649.75,2026-06,0.1546,1801.05
ORD00196,2026-02-02,CUST0040,Andhra Pradesh,Kurnool,Tier 2,Printer,5,14598.39,0.02,71532.11,2026-02,0.1568,11216.23
ORD00197,2026-02-16,CUST0020,Maharashtra,Pune,Tier 1,SSD,2,7558.33,0.0,15116.66,2026-02,0.2397,3623.46
ORD00198,2026-01-20,CUST0005,Tamil Nadu,Chennai,Tier 1,Router,5,7395.3,0.08,34018.38,2026-01,0.2774,9436.7
ORD00199,2026-06-19,CUST0080,Delhi,New Delhi,Tier 1,Office Chair,4,9622.3,0.0,38489.2,2026-06,0.2752,10592.23
ORD00200,2026-02-12,CUST0057,Gujarat,Ahmedabad,Tier 2,Printer,3,21203.62,0.0,63610.86,2026-02,0.2516,16004.49
ORD00201,2026-06-06,CUST0025,Tamil Nadu,Coimbatore,Tier 1,Mouse,5,906.59,0.05,4306.3,2026-06,0.2212,952.55
ORD00202,2026-04-05,CUST0021,Gujarat,Surat,Tier 2,Headset,4,4116.86,0.05,15644.07,2026-04,0.0985,1540.94
ORD00203,2026-02-21,CUST0014,Karnataka,Mysuru,Tier 1,Laptop,4,85594.09,0.08,314986.25,2026-02,0.1156,36412.41
ORD00204,2026-05-13,CUST0019,Andhra Pradesh,Visakhapatnam,Tier 2,Monitor,2,13364.66,0.08,24590.97,2026-05,0.2777,6828.91
ORD00205,2026-04-22,CUST0007,Andhra Pradesh,Vijayawada,Tier 2,SSD,3,17061.37,0.05,48624.9,2026-04,0.2134,10376.55
ORD00206,2026-04-12,CUST0041,Delhi,New Delhi,Tier 1,Printer,1,14873.17,0.0,14873.17,2026-04,0.082,1219.6
ORD00207,2026-01-26,CUST0018,Delhi,New Delhi,Tier 1,Keyboard,1,1574.57,0.05,1495.84,2026-01,0.1023,153.02
ORD00208,2026-06-30,CUST0033,Gujarat,Surat,Tier 2,Office Chair,1,22399.58,0.0,22399.58,2026-06,0.226,5062.31
ORD00209,2026-02-25,CUST0007,Karnataka,Mysuru,Tier 1,Monitor,3,12802.24,0.0,38406.72,2026-02,0.0811,3114.78
ORD00210,2026-03-03,CUST0077,Kerala,Thiruvananthapuram,Tier 2,Monitor,1,22387.0,0.05,21267.65,2026-03,0.1154,2454.29
ORD00211,2026-05-18,CUST0038,Telangana,Kurnool,Tier 2,Router,5,3420.99,0.0,17104.95,2026-05,0.2007,3432.96
ORD00212,2026-04-20,CUST0011,Telangana,Kurnool,Tier 2,Webcam,2,5908.78,0.0,11817.56,2026-04,0.2322,2744.04
ORD00213,2026-05-15,CUST0071,Delhi,New Delhi,Tier 1,Router,5,5199.1,0.08,23915.86,2026-05,0.2234,5342.8
ORD00214,2026-01-06,CUST0003,Kerala,Thiruvananthapuram,Tier 2,Laptop,4,89336.38,0.02,350198.61,2026-01,0.1293,45280.68
ORD00215,2026-04-02,CUST0043,Andhra Pradesh,Visakhapatnam,Tier 2,Mouse,1,1811.55,0.1,1630.39,2026-04,0.2367,385.91
ORD00216,2026-02-04,CUST0060,Telangana,Warangal,Tier 2,Router,3,7250.51,0.0,21751.53,2026-02,0.1322,2875.55
ORD00217,2026-06-28,CUST0005,Gujarat,Ahmedabad,Tier 2,Keyboard,1,2733.32,0.05,2596.65,2026-06,0.1516,393.65
ORD00218,2026-03-17,CUST0066,Maharashtra,Mumbai,Tier 1,Mouse,1,1036.51,0.02,1015.78,2026-03,0.2442,248.05
ORD00219,2026-04-12,CUST0043,Gujarat,Surat,Tier 2,Laptop,2,65013.88,0.0,130027.76,2026-04,0.2229,28983.19
ORD00220,2026-03-11,CUST0044,Andhra Pradesh,Visakhapatnam,Tier 2,Printer,4,22609.46,0.05,85915.95,2026-03,0.2668,22922.38
ORD00221,2026-02-17,CUST0055,Gujarat,Surat,Tier 2,Webcam,5,3720.39,0.0,18601.95,2026-02,0.2247,4179.86
ORD00222,2026-01-21,CUST0042,Kerala,Kochi,Tier 2,Router,3,3952.12,0.0,11856.36,2026-01,0.205,2430.55
ORD00223,2026-06-19,CUST0057,Tamil Nadu,Coimbatore,Tier 1,SSD,5,14188.45,0.0,70942.25,2026-06,0.1006,7136.79
ORD00224,2026-03-31,CUST0008,Gujarat,Ahmedabad,Tier 2,Webcam,5,8986.68,0.02,44034.73,2026-03,0.1609,7085.19
ORD00225,2026-01-20,CUST0078,Kerala,Thiruvananthapuram,Tier 2,Router,2,8183.69,0.0,16367.38,2026-01,0.1383,2263.61
ORD00226,2026-06-23,CUST0047,Gujarat,Ahmedabad,Tier 2,Keyboard,1,1437.19,0.1,1293.47,2026-06,0.1337,172.94
ORD00227,2026-04-03,CUST0048,Kerala,Kochi,Tier 2,Office Chair,2,18544.05,0.02,36346.34,2026-04,0.2941,10689.46
ORD00228,2026-04-24,CUST0036,Andhra Pradesh,Kurnool,Tier 2,Keyboard,5,1790.76,0.02,8774.72,2026-04,0.1665,1460.99
ORD00229,2026-03-05,CUST0016,Andhra Pradesh,Vijayawada,Tier 2,Keyboard,4,2197.91,0.08,8088.31,2026-03,0.2763,2234.8
ORD00230,2026-03-09,CUST0026,Tamil Nadu,Coimbatore,Tier 1,Mouse,5,985.48,0.05,4681.03,2026-03,0.2189,1024.68
ORD00231,2026-02-01,CUST0012,Karnataka,Bengaluru,Tier 1,SSD,2,16632.17,0.05,31601.12,2026-02,0.2549,8055.13
ORD00232,2026-06-24,CUST0021,Delhi,New Delhi,Tier 1,Monitor,5,17674.74,0.02,86606.23,2026-06,0.1906,16507.15
ORD00233,2026-06-29,CUST0018,Karnataka,Mysuru,Tier 1,Router,2,2613.13,0.0,5226.26,2026-06,0.2069,1081.31
ORD00234,2026-03-02,CUST0071,Gujarat,Ahmedabad,Tier 2,Webcam,5,5920.4,0.05,28121.9,2026-03,0.1884,5298.17
ORD00235,2026-02-03,CUST0062,Andhra Pradesh,Vijayawada,Tier 2,Headset,4,6997.65,0.1,25191.54,2026-02,0.123,3098.56
ORD00236,2026-05-15,CUST0010,Kerala,Thiruvananthapuram,Tier 2,Office Chair,1,9130.56,0.02,8947.95,2026-05,0.2389,2137.67
ORD00237,2026-04-26,CUST0017,Gujarat,Surat,Tier 2,Keyboard,5,2527.44,0.0,12637.2,2026-04,0.1418,1791.95
ORD00238,2026-04-21,CUST0042,Telangana,Hyderabad,Tier 2,Router,2,3837.63,0.0,7675.26,2026-04,0.0853,654.7
ORD00239,2026-02-27,CUST0036,Delhi,New Delhi,Tier 1,Monitor,3,12140.83,0.08,33508.69,2026-02,0.222,7438.93
ORD00240,2026-02-02,CUST0020,Tamil Nadu,Chennai,Tier 1,Router,2,5765.12,0.08,10607.82,2026-02,0.119,1262.33
ORD00241,2026-02-13,CUST0074,Delhi,New Delhi,Tier 1,Laptop,1,56591.16,0.1,50932.04,2026-02,0.2869,14612.4
ORD00242,2026-03-09,CUST0070,Maharashtra,Nagpur,Tier 1,Printer,5,20418.82,0.05,96989.4,2026-03,0.2899,28117.23
ORD00243,2026-03-16,CUST0008,Tamil Nadu,Coimbatore,Tier 1,Mouse,4,1005.64,0.0,4022.56,2026-03,0.2813,1131.55
ORD00244,2026-02-10,CUST0019,Gujarat,Surat,Tier 2,SSD,4,7254.31,0.08,26695.86,2026-02,0.1614,4308.71
ORD00245,2026-03-22,CUST0072,Delhi,New Delhi,Tier 1,Printer,2,22973.96,0.08,42272.09,2026-03,0.0834,3525.49
ORD00246,2026-01-28,CUST0019,Delhi,New Delhi,Tier 1,SSD,1,8110.87,0.0,8110.87,2026-01,0.2842,2305.11
ORD00247,2026-01-25,CUST0042,Telangana,Warangal,Tier 2,Printer,5,15780.83,0.0,78904.15,2026-01,0.1742,13745.1
ORD00248,2026-05-28,CUST0064,Delhi,New Delhi,Tier 1,Keyboard,4,3489.12,0.05,13258.66,2026-05,0.2927,3880.81
ORD00249,2026-03-20,CUST0028,Gujarat,Ahmedabad,Tier 2,Monitor,4,17087.11,0.0,68348.44,2026-03,0.292,19957.74
ORD00250,2026-05-30,CUST0061,Delhi,New Delhi,Tier 1,Laptop,3,72321.3,0.1,195267.51,2026-05,0.2677,52273.11
ORD00251,2026-03-15,CUST0047,Telangana,Hyderabad,Tier 2,Printer,2,25531.57,0.1,45956.83,2026-03,0.1448,6654.55
ORD00252,2026-04-14,CUST0047,Delhi,New Delhi,Tier 1,Printer,1,18975.91,0.0,18975.91,2026-04,0.1647,3125.33
ORD00253,2026-05-22,CUST0036,Tamil Nadu,Chennai,Tier 1,Printer,5,16457.44,0.08,75704.22,2026-05,0.2673,20235.74
ORD00254,2026-06-09,CUST0072,Andhra Pradesh,Vijayawada,Tier 2,Monitor,4,14971.17,0.02,58686.99,2026-06,0.1497,8785.44
ORD00255,2026-04-04,CUST0006,Karnataka,Bengaluru,Tier 1,Office Chair,5,13823.58,0.0,69117.9,2026-04,0.1173,8107.53
ORD00256,2026-01-10,CUST0066,Karnataka,Mysuru,Tier 1,SSD,5,10669.35,0.08,49079.01,2026-01,0.2025,9938.5
ORD00257,2026-02-05,CUST0039,Delhi,New Delhi,Tier 1,Keyboard,4,3474.66,0.1,12508.78,2026-02,0.286,3577.51
ORD00258,2026-06-01,CUST0048,Delhi,New Delhi,Tier 1,Office Chair,3,15073.17,0.0,45219.51,2026-06,0.2331,10540.67
ORD00259,2026-03-26,CUST0004,Andhra Pradesh,Visakhapatnam,Tier 2,Office Chair,3,20544.83,0.1,55471.04,2026-03,0.2054,11393.75
ORD00260,2026-06-02,CUST0075,Gujarat,Surat,Tier 2,Office Chair,5,10868.23,0.0,54341.15,2026-06,0.1014,5510.19
ORD00261,2026-05-03,CUST0015,Karnataka,Mysuru,Tier 1,Keyboard,2,885.24,0.1,1593.43,2026-05,0.2153,343.07
ORD00262,2026-02-18,CUST0027,Telangana,Warangal,Tier 2,Webcam,4,2890.31,0.1,10405.12,2026-02,0.2978,3098.64
ORD00263,2026-04-16,CUST0062,Gujarat,Ahmedabad,Tier 2,Keyboard,5,1359.82,0.02,6663.12,2026-04,0.1108,738.27
ORD00264,2026-05-15,CUST0070,Kerala,Thiruvananthapuram,Tier 2,Keyboard,4,3262.74,0.02,12789.94,2026-05,0.194,2481.25
ORD00265,2026-04-01,CUST0029,Tamil Nadu,Coimbatore,Tier 1,Mouse,2,974.31,0.02,1909.65,2026-04,0.273,521.33
ORD00266,2026-03-18,CUST0036,Tamil Nadu,Chennai,Tier 1,SSD,3,10977.35,0.08,30297.49,2026-03,0.243,7362.29
ORD00267,2026-03-15,CUST0045,Andhra Pradesh,Kurnool,Tier 2,Router,4,7801.6,0.05,29646.08,2026-03,0.2333,6916.43
ORD00268,2026-02-07,CUST0033,Tamil Nadu,Chennai,Tier 1,Headset,1,3208.91,0.05,3048.46,2026-02,0.2345,714.86
ORD00269,2026-05-03,CUST0035,Maharashtra,Mumbai,Tier 1,Router,3,8051.26,0.1,21738.4,2026-05,0.1591,3458.58
ORD00270,2026-02-05,CUST0068,Andhra Pradesh,Kurnool,Tier 2,Office Chair,2,11121.79,0.1,20019.22,2026-02,0.1446,2894.78
ORD00271,2026-02-27,CUST0013,Maharashtra,Mumbai,Tier 1,Monitor,4,14284.7,0.05,54281.86,2026-02,0.2581,14010.15
ORD00272,2026-06-24,CUST0062,Karnataka,Bengaluru,Tier 1,Router,2,4526.28,0.05,8599.93,2026-06,0.2582,2220.5
ORD00273,2026-06-16,CUST0074,Maharashtra,Pune,Tier 1,Webcam,3,6450.47,0.0,19351.41,2026-06,0.2708,5240.36
ORD00274,2026-03-01,CUST0051,Telangana,Hyderabad,Tier 2,Printer,2,26612.37,0.0,53224.74,2026-03,0.2809,14950.83
ORD00275,2026-05-07,CUST0014,Karnataka,Mysuru,Tier 1,Laptop,1,65443.73,0.08,60208.23,2026-05,0.1925,11590.08
ORD00276,2026-03-27,CUST0065,Tamil Nadu,Coimbatore,Tier 1,Router,5,5109.21,0.0,25546.05,2026-03,0.1903,4861.41
ORD00277,2026-04-30,CUST0033,Tamil Nadu,Chennai,Tier 1,Monitor,3,11599.91,0.05,33059.74,2026-04,0.2556,8450.07
ORD00278,2026-02-17,CUST0023,Telangana,Kurnool,Tier 2,Webcam,3,5888.02,0.0,17664.06,2026-02,0.223,3939.09
ORD00279,2026-06-06,CUST0013,Kerala,Thiruvananthapuram,Tier 2,Router,3,2381.14,0.1,6429.08,2026-06,0.2344,1506.98
ORD00280,2026-02-17,CUST0031,Karnataka,Mysuru,Tier 1,Webcam,2,1849.18,0.05,3513.44,2026-02,0.2551,896.28
ORD00281,2026-04-25,CUST0034,Tamil Nadu,Coimbatore,Tier 1,Headset,5,5392.72,0.0,26963.6,2026-04,0.2758,7436.56
ORD00282,2026-06-17,CUST0052,Delhi,New Delhi,Tier 1,Laptop,1,71288.82,0.0,71288.82,2026-06,0.1544,11006.99
ORD00283,2026-06-25,CUST0018,Tamil Nadu,Chennai,Tier 1,Headset,3,4764.83,0.0,14294.49,2026-06,0.1626,2324.28
ORD00284,2026-05-03,CUST0061,Karnataka,Mysuru,Tier 1,Office Chair,3,14069.38,0.08,38831.49,2026-05,0.1007,3910.33
ORD00285,2026-05-18,CUST0047,Maharashtra,Mumbai,Tier 1,Office Chair,1,15933.61,0.08,14658.92,2026-05,0.2072,3037.33
ORD00286,2026-01-20,CUST0020,Andhra Pradesh,Vijayawada,Tier 2,Router,5,3154.45,0.08,14510.47,2026-01,0.0879,1275.47
ORD00287,2026-02-12,CUST0012,Delhi,New Delhi,Tier 1,Monitor,2,20470.69,0.05,38894.31,2026-02,0.1824,7094.32
ORD00288,2026-05-11,CUST0073,Gujarat,Ahmedabad,Tier 2,SSD,2,11428.85,0.05,21714.81,2026-05,0.1994,4329.93
ORD00289,2026-01-15,CUST0028,Gujarat,Surat,Tier 2,Laptop,4,63906.0,0.0,255624.0,2026-01,0.143,36554.23
ORD00290,2026-05-29,CUST0008,Andhra Pradesh,Vijayawada,Tier 2,Printer,3,21708.08,0.08,59914.3,2026-05,0.21,12582.0
ORD00291,2026-01-18,CUST0054,Gujarat,Ahmedabad,Tier 2,Headset,4,2243.89,0.0,8975.56,2026-01,0.0867,778.18
ORD00292,2026-04-06,CUST0070,Kerala,Thiruvananthapuram,Tier 2,Printer,4,8685.25,0.1,31266.9,2026-04,0.0882,2757.74
ORD00293,2026-02-04,CUST0029,Delhi,New Delhi,Tier 1,Keyboard,5,1861.26,0.0,9306.3,2026-02,0.261,2428.94
ORD00294,2026-01-01,CUST0030,Telangana,Warangal,Tier 2,SSD,5,10225.73,0.05,48572.22,2026-01,0.1592,7732.7
ORD00295,2026-03-05,CUST0015,Gujarat,Surat,Tier 2,Keyboard,3,1308.9,0.1,3534.03,2026-03,0.108,381.68
ORD00296,2026-01-09,CUST0005,Kerala,Kochi,Tier 2,Mouse,2,614.39,0.08,1130.48,2026-01,0.1949,220.33
ORD00297,2026-04-25,CUST0028,Telangana,Hyderabad,Tier 2,Laptop,4,70363.7,0.08,258938.42,2026-04,0.2494,64579.24
ORD00298,2026-01-15,CUST0042,Karnataka,Mysuru,Tier 1,Mouse,5,1042.14,0.08,4793.84,2026-01,0.1275,611.21
ORD00299,2026-03-02,CUST0008,Tamil Nadu,Chennai,Tier 1,Router,2,4570.85,0.02,8958.87,2026-03,0.217,1944.07
ORD00300,2026-05-23,CUST0049,Karnataka,Mysuru,Tier 1,Router,4,2114.12,0.02,8287.35,2026-05,0.0988,818.79
ORD00301,2026-05-15,CUST0069,Delhi,New Delhi,Tier 1,Printer,2,13297.66,0.0,26595.32,2026-05,0.0914,2430.81
ORD00302,2026-05-02,CUST0072,Maharashtra,Mumbai,Tier 1,Headset,2,5873.5,0.0,11747.0,2026-05,0.1969,2312.98
ORD00303,2026-04-16,CUST0011,Kerala,Kochi,Tier 2,Printer,2,12354.91,0.02,24215.62,2026-04,0.1989,4816.49
ORD00304,2026-04-26,CUST0078,Delhi,New Delhi,Tier 1,Router,2,2145.3,0.05,4076.07,2026-04,0.2202,897.55
ORD00305,2026-06-04,CUST0028,Telangana,Hyderabad,Tier 2,Mouse,5,1731.32,0.08,7964.07,2026-06,0.2397,1908.99
ORD00306,2026-05-03,CUST0016,Maharashtra,Pune,Tier 1,Headset,1,2428.49,0.0,2428.49,2026-05,0.2947,715.68
ORD00307,2026-05-03,CUST0071,Maharashtra,Nagpur,Tier 1,Office Chair,2,13742.75,0.0,27485.5,2026-05,0.1936,5321.19
ORD00308,2026-03-24,CUST0034,Tamil Nadu,Coimbatore,Tier 1,SSD,5,13257.74,0.02,64962.93,2026-03,0.1511,9815.9
ORD00309,2026-04-03,CUST0027,Gujarat,Surat,Tier 2,Monitor,4,21186.06,0.02,83049.36,2026-04,0.2549,21169.28
ORD00310,2026-04-05,CUST0019,Delhi,New Delhi,Tier 1,Laptop,5,85242.97,0.1,383593.36,2026-04,0.1396,53549.63
ORD00311,2026-01-05,CUST0049,Tamil Nadu,Coimbatore,Tier 1,Headset,2,2337.91,0.0,4675.82,2026-01,0.1766,825.75
ORD00312,2026-05-26,CUST0063,Maharashtra,Pune,Tier 1,Router,3,3524.09,0.05,10043.66,2026-05,0.0973,977.25
ORD00313,2026-04-28,CUST0024,Karnataka,Mysuru,Tier 1,Keyboard,2,2744.85,0.05,5215.21,2026-04,0.0856,446.42
ORD00314,2026-05-19,CUST0007,Telangana,Kurnool,Tier 2,Laptop,1,88081.58,0.1,79273.42,2026-05,0.2918,23131.98
ORD00315,2026-01-02,CUST0028,Kerala,Kochi,Tier 2,Mouse,1,1702.19,0.0,1702.19,2026-01,0.2639,449.21
ORD00316,2026-05-10,CUST0062,Gujarat,Surat,Tier 2,Laptop,5,77320.5,0.08,355674.3,2026-05,0.2331,82907.68
ORD00317,2026-06-18,CUST0003,Gujarat,Ahmedabad,Tier 2,Laptop,5,74307.52,0.0,371537.6,2026-06,0.17,63161.39
ORD00318,2026-05-16,CUST0056,Tamil Nadu,Coimbatore,Tier 1,Laptop,5,83460.5,0.1,375572.25,2026-05,0.1181,44355.08
ORD00319,2026-02-15,CUST0068,Andhra Pradesh,Vijayawada,Tier 2,Router,2,3414.49,0.08,6282.66,2026-02,0.1144,718.74
ORD00320,2026-03-06,CUST0059,Delhi,New Delhi,Tier 1,Printer,1,14834.08,0.05,14092.38,2026-03,0.1351,1903.88
ORD00321,2026-05-25,CUST0005,Maharashtra,Nagpur,Tier 1,Mouse,3,1662.87,0.0,4988.61,2026-05,0.2008,1001.71
ORD00322,2026-01-24,CUST0002,Kerala,Thiruvananthapuram,Tier 2,Printer,5,16996.11,0.1,76482.5,2026-01,0.2372,18141.65
ORD00323,2026-06-29,CUST0073,Karnataka,Bengaluru,Tier 1,SSD,4,13206.25,0.02,51768.5,2026-06,0.2252,11658.27
ORD00324,2026-01-25,CUST0010,Telangana,Hyderabad,Tier 2,Mouse,5,1308.35,0.0,6541.75,2026-01,0.1416,926.31
ORD00325,2026-06-25,CUST0076,Tamil Nadu,Chennai,Tier 1,Keyboard,3,842.28,0.0,2526.84,2026-06,0.2901,733.04
ORD00326,2026-02-06,CUST0050,Kerala,Kochi,Tier 2,Headset,2,4470.96,0.08,8226.57,2026-02,0.2423,1993.3
ORD00327,2026-06-23,CUST0007,Delhi,New Delhi,Tier 1,Keyboard,1,2152.14,0.02,2109.1,2026-06,0.202,426.04
ORD00328,2026-01-26,CUST0077,Kerala,Kochi,Tier 2,Monitor,3,18682.7,0.08,51564.25,2026-01,0.2146,11065.69
ORD00329,2026-04-12,CUST0071,Delhi,New Delhi,Tier 1,Headset,4,4045.5,0.02,15858.36,2026-04,0.1723,2732.4
ORD00330,2026-04-07,CUST0038,Kerala,Kochi,Tier 2,Office Chair,4,8456.8,0.08,31121.02,2026-04,0.1345,4185.78
ORD00331,2026-03-05,CUST0020,Andhra Pradesh,Vijayawada,Tier 2,Headset,2,3404.0,0.1,6127.2,2026-03,0.1583,969.94
ORD00332,2026-04-10,CUST0057,Delhi,New Delhi,Tier 1,Monitor,1,9083.12,0.02,8901.46,2026-04,0.2467,2195.99
ORD00333,2026-04-03,CUST0072,Tamil Nadu,Chennai,Tier 1,Keyboard,1,1305.96,0.05,1240.66,2026-04,0.0832,103.22
ORD00334,2026-05-23,CUST0077,Kerala,Kochi,Tier 2,Laptop,1,67387.0,0.0,67387.0,2026-05,0.1055,7109.33
ORD00335,2026-06-03,CUST0072,Delhi,New Delhi,Tier 1,Laptop,3,69483.35,0.0,208450.05,2026-06,0.0901,18781.35
ORD00336,2026-03-04,CUST0064,Karnataka,Mysuru,Tier 1,Keyboard,2,1526.08,0.02,2991.12,2026-03,0.089,266.21
ORD00337,2026-02-07,CUST0010,Andhra Pradesh,Vijayawada,Tier 2,Printer,3,15843.15,0.05,45152.98,2026-02,0.2682,12110.03
ORD00338,2026-04-03,CUST0014,Tamil Nadu,Chennai,Tier 1,SSD,5,12825.03,0.05,60918.89,2026-04,0.2348,14303.76
ORD00339,2026-02-04,CUST0043,Tamil Nadu,Chennai,Tier 1,Printer,3,24673.88,0.05,70320.56,2026-02,0.1843,12960.08
ORD00340,2026-04-23,CUST0026,Delhi,New Delhi,Tier 1,Office Chair,2,12107.4,0.08,22277.62,2026-04,0.1015,2261.18
ORD00341,2026-05-03,CUST0063,Delhi,New Delhi,Tier 1,Printer,3,13120.41,0.1,35425.11,2026-05,0.1882,6667.01
ORD00342,2026-05-28,CUST0047,Maharashtra,Pune,Tier 1,Printer,3,24146.38,0.05,68817.18,2026-05,0.1842,12676.12
ORD00343,2026-01-30,CUST0004,Maharashtra,Nagpur,Tier 1,Router,2,6367.47,0.08,11716.14,2026-01,0.1181,1383.68
ORD00344,2026-04-29,CUST0064,Maharashtra,Pune,Tier 1,Headset,1,5950.0,0.05,5652.5,2026-04,0.1754,991.45
ORD00345,2026-02-05,CUST0010,Tamil Nadu,Chennai,Tier 1,Headset,2,5348.37,0.05,10161.9,2026-02,0.1677,1704.15
ORD00346,2026-04-25,CUST0054,Gujarat,Surat,Tier 2,Router,5,7987.42,0.1,35943.39,2026-04,0.2155,7745.8
ORD00347,2026-05-20,CUST0014,Telangana,Warangal,Tier 2,Router,5,6075.81,0.0,30379.05,2026-05,0.2197,6674.28
ORD00348,2026-03-05,CUST0052,Delhi,New Delhi,Tier 1,Office Chair,1,16574.74,0.1,14917.27,2026-03,0.09,1342.55
ORD00349,2026-03-26,CUST0067,Kerala,Kochi,Tier 2,Laptop,1,64055.84,0.08,58931.37,2026-03,0.1624,9570.45
ORD00350,2026-05-23,CUST0076,Maharashtra,Pune,Tier 1,Webcam,4,5134.06,0.1,18482.62,2026-05,0.2177,4023.67
ORD00351,2026-06-26,CUST0011,Karnataka,Mysuru,Tier 1,Laptop,4,58659.23,0.05,222905.07,2026-06,0.1907,42508.0
ORD00352,2026-01-30,CUST0067,Karnataka,Mysuru,Tier 1,Headset,3,3840.93,0.0,11522.79,2026-01,0.2684,3092.72
ORD00353,2026-05-04,CUST0041,Delhi,New Delhi,Tier 1,Monitor,4,20551.9,0.05,78097.22,2026-05,0.2249,17564.06
ORD00354,2026-01-18,CUST0014,Tamil Nadu,Chennai,Tier 1,Monitor,1,22586.88,0.1,20328.19,2026-01,0.1158,2354.0
ORD00355,2026-06-23,CUST0072,Karnataka,Bengaluru,Tier 1,Router,2,5497.8,0.02,10775.69,2026-06,0.0955,1029.08
ORD00356,2026-04-20,CUST0056,Gujarat,Ahmedabad,Tier 2,Printer,2,10914.13,0.1,19645.43,2026-04,0.2213,4347.53
ORD00357,2026-04-12,CUST0050,Telangana,Kurnool,Tier 2,Office Chair,2,14642.78,0.05,27821.28,2026-04,0.0858,2387.07
ORD00358,2026-01-02,CUST0024,Maharashtra,Mumbai,Tier 1,Headset,1,4548.62,0.08,4184.73,2026-01,0.2089,874.19
ORD00359,2026-04-04,CUST0068,Delhi,New Delhi,Tier 1,SSD,1,8041.77,0.05,7639.68,2026-04,0.2869,2191.82
ORD00360,2026-06-13,CUST0046,Delhi,New Delhi,Tier 1,Office Chair,4,16979.08,0.02,66557.99,2026-06,0.2066,13750.88
ORD00361,2026-04-28,CUST0041,Karnataka,Mysuru,Tier 1,Office Chair,5,8440.78,0.0,42203.9,2026-04,0.1654,6980.53
ORD00362,2026-01-31,CUST0066,Maharashtra,Pune,Tier 1,Monitor,2,14972.9,0.0,29945.8,2026-01,0.2215,6632.99
ORD00363,2026-04-10,CUST0069,Kerala,Kochi,Tier 2,Office Chair,4,14191.66,0.05,53928.31,2026-04,0.1808,9750.24
ORD00364,2026-06-27,CUST0058,Karnataka,Bengaluru,Tier 1,SSD,3,6394.0,0.02,18798.36,2026-06,0.2,3759.67
ORD00365,2026-06-08,CUST0072,Telangana,Warangal,Tier 2,Laptop,4,59778.72,0.05,227159.14,2026-06,0.2871,65217.39
ORD00366,2026-05-10,CUST0063,Gujarat,Surat,Tier 2,SSD,4,14086.92,0.05,53530.3,2026-05,0.1649,8827.15
ORD00367,2026-02-12,CUST0029,Andhra Pradesh,Kurnool,Tier 2,Laptop,2,65223.15,0.02,127837.37,2026-02,0.2915,37264.59
ORD00368,2026-05-18,CUST0071,Tamil Nadu,Chennai,Tier 1,SSD,5,14524.0,0.05,68989.0,2026-05,0.2792,19261.73
ORD00369,2026-05-11,CUST0070,Andhra Pradesh,Kurnool,Tier 2,Monitor,3,21401.81,0.02,62921.32,2026-05,0.1231,7745.61
ORD00370,2026-01-11,CUST0032,Gujarat,Ahmedabad,Tier 2,Printer,1,22455.76,0.1,20210.18,2026-01,0.0953,1926.03
ORD00371,2026-03-18,CUST0057,Telangana,Warangal,Tier 2,Headset,3,6200.76,0.0,18602.28,2026-03,0.1022,1901.15
ORD00372,2026-01-31,CUST0055,Maharashtra,Mumbai,Tier 1,Office Chair,3,21637.83,0.08,59720.41,2026-01,0.084,5016.51
ORD00373,2026-02-12,CUST0036,Karnataka,Bengaluru,Tier 1,Mouse,1,1469.13,0.08,1351.6,2026-02,0.1008,136.24
ORD00374,2026-06-02,CUST0013,Karnataka,Mysuru,Tier 1,Headset,3,4521.87,0.08,12480.36,2026-06,0.2303,2874.23
ORD00375,2026-02-04,CUST0032,Kerala,Kochi,Tier 2,Headset,2,5268.27,0.0,10536.54,2026-02,0.0957,1008.35
ORD00376,2026-02-07,CUST0035,Delhi,New Delhi,Tier 1,Printer,4,9985.6,0.1,35948.16,2026-02,0.1502,5399.41
ORD00377,2026-06-10,CUST0052,Kerala,Thiruvananthapuram,Tier 2,SSD,1,13053.97,0.0,13053.97,2026-06,0.2659,3471.05
ORD00378,2026-05-12,CUST0012,Tamil Nadu,Coimbatore,Tier 1,SSD,4,8918.41,0.0,35673.64,2026-05,0.0851,3035.83
ORD00379,2026-04-28,CUST0028,Delhi,New Delhi,Tier 1,Router,4,3259.46,0.05,12385.95,2026-04,0.2592,3210.44
ORD00380,2026-05-07,CUST0073,Tamil Nadu,Coimbatore,Tier 1,Headset,3,4374.4,0.0,13123.2,2026-05,0.142,1863.49
ORD00381,2026-05-05,CUST0003,Delhi,New Delhi,Tier 1,Laptop,1,76916.28,0.05,73070.47,2026-05,0.106,7745.47
ORD00382,2026-02-01,CUST0026,Karnataka,Mysuru,Tier 1,SSD,1,17889.82,0.05,16995.33,2026-02,0.2333,3965.01
ORD00383,2026-06-26,CUST0033,Karnataka,Mysuru,Tier 1,Keyboard,3,1052.02,0.02,3092.94,2026-06,0.2184,675.5
ORD00384,2026-01-22,CUST0030,Delhi,New Delhi,Tier 1,Laptop,4,76896.15,0.1,276826.14,2026-01,0.273,75573.54
ORD00385,2026-04-20,CUST0017,Andhra Pradesh,Kurnool,Tier 2,Monitor,1,12414.74,0.0,12414.74,2026-04,0.2417,3000.64
ORD00386,2026-06-01,CUST0016,Maharashtra,Nagpur,Tier 1,SSD,1,4608.84,0.02,4516.66,2026-06,0.2568,1159.88
ORD00387,2026-04-19,CUST0014,Karnataka,Mysuru,Tier 1,Monitor,2,15129.12,0.1,27232.42,2026-04,0.142,3867.0
ORD00388,2026-01-27,CUST0019,Delhi,New Delhi,Tier 1,Headset,2,3419.78,0.0,6839.56,2026-01,0.119,813.91
ORD00389,2026-01-18,CUST0020,Telangana,Kurnool,Tier 2,Keyboard,4,1748.21,0.0,6992.84,2026-01,0.2451,1713.95
ORD00390,2026-04-16,CUST0076,Gujarat,Ahmedabad,Tier 2,Monitor,1,11240.21,0.0,11240.21,2026-04,0.2575,2894.35
ORD00391,2026-04-09,CUST0011,Delhi,New Delhi,Tier 1,Webcam,2,3584.06,0.1,6451.31,2026-04,0.2979,1921.85
ORD00392,2026-03-05,CUST0025,Tamil Nadu,Chennai,Tier 1,Headset,2,4202.94,0.08,7733.41,2026-03,0.1708,1320.87
ORD00393,2026-04-11,CUST0064,Tamil Nadu,Chennai,Tier 1,Mouse,4,1156.01,0.0,4624.04,2026-04,0.1618,748.17
ORD00394,2026-06-13,CUST0050,Andhra Pradesh,Kurnool,Tier 2,Laptop,3,87687.35,0.0,263062.05,2026-06,0.2508,65975.96
ORD00395,2026-05-26,CUST0003,Kerala,Thiruvananthapuram,Tier 2,Router,2,6910.26,0.0,13820.52,2026-05,0.155,2142.18
ORD00396,2026-05-31,CUST0051,Andhra Pradesh,Vijayawada,Tier 2,Headset,2,1431.0,0.0,2862.0,2026-05,0.2848,815.1
ORD00397,2026-05-10,CUST0069,Tamil Nadu,Coimbatore,Tier 1,Printer,4,8730.98,0.08,32130.01,2026-05,0.2689,8639.76
ORD00398,2026-06-07,CUST0020,Karnataka,Mysuru,Tier 1,Monitor,3,10264.34,0.0,30793.02,2026-06,0.1744,5370.3
ORD00399,2026-05-18,CUST0031,Delhi,New Delhi,Tier 1,Office Chair,1,12272.88,0.05,11659.24,2026-05,0.2452,2858.85
ORD00400,2026-01-15,CUST0008,Maharashtra,Mumbai,Tier 1,Printer,1,16520.81,0.08,15199.15,2026-01,0.246,3738.99
ORD00401,2026-03-21,CUST0064,Karnataka,Bengaluru,Tier 1,Laptop,2,79552.49,0.0,159104.98,2026-03,0.1027,16340.08
ORD00402,2026-03-30,CUST0016,Tamil Nadu,Chennai,Tier 1,Webcam,2,7198.39,0.02,14108.84,2026-03,0.2786,3930.72
ORD00403,2026-01-08,CUST0074,Delhi,New Delhi,Tier 1,Headset,5,1570.46,0.1,7067.07,2026-01,0.1912,1351.22
ORD00404,2026-06-10,CUST0073,Andhra Pradesh,Visakhapatnam,Tier 2,SSD,5,9361.67,0.05,44467.93,2026-06,0.2618,11641.7
ORD00405,2026-02-12,CUST0015,Delhi,New Delhi,Tier 1,Headset,1,6386.76,0.1,5748.08,2026-02,0.1504,864.51
ORD00406,2026-02-28,CUST0050,Telangana,Hyderabad,Tier 2,Laptop,2,56609.35,0.02,110954.33,2026-02,0.277,30734.35
ORD00407,2026-02-08,CUST0054,Karnataka,Bengaluru,Tier 1,Router,4,3304.25,0.0,13217.0,2026-02,0.1656,2188.74
ORD00408,2026-03-23,CUST0007,Tamil Nadu,Chennai,Tier 1,Office Chair,3,9029.82,0.1,24380.51,2026-03,0.0824,2008.95
ORD00409,2026-02-15,CUST0037,Maharashtra,Nagpur,Tier 1,Laptop,4,57412.43,0.05,218167.23,2026-02,0.2792,60912.29
ORD00410,2026-03-21,CUST0038,Delhi,New Delhi,Tier 1,Router,4,1853.39,0.0,7413.56,2026-03,0.1001,742.1
ORD00411,2026-05-25,CUST0026,Tamil Nadu,Chennai,Tier 1,SSD,3,12487.83,0.05,35590.32,2026-05,0.1502,5345.67
ORD00412,2026-05-20,CUST0045,Maharashtra,Mumbai,Tier 1,Laptop,4,55836.86,0.08,205479.64,2026-05,0.289,59383.62
ORD00413,2026-06-12,CUST0040,Telangana,Warangal,Tier 2,Laptop,4,84715.21,0.1,304974.76,2026-06,0.2891,88168.2
ORD00414,2026-01-27,CUST0019,Maharashtra,Nagpur,Tier 1,Mouse,4,1336.45,0.0,5345.8,2026-01,0.2062,1102.3
ORD00415,2026-03-13,CUST0059,Andhra Pradesh,Vijayawada,Tier 2,Mouse,5,1202.2,0.02,5890.78,2026-03,0.219,1290.08
ORD00416,2026-01-22,CUST0008,Andhra Pradesh,Kurnool,Tier 2,Keyboard,4,1002.04,0.08,3687.51,2026-01,0.1787,658.96
ORD00417,2026-04-22,CUST0042,Karnataka,Bengaluru,Tier 1,Headset,3,6135.3,0.05,17485.6,2026-04,0.1445,2526.67
ORD00418,2026-03-23,CUST0075,Gujarat,Surat,Tier 2,Mouse,1,2104.04,0.0,2104.04,2026-03,0.1523,320.45
ORD00419,2026-01-28,CUST0016,Karnataka,Bengaluru,Tier 1,Keyboard,4,2058.35,0.05,7821.73,2026-01,0.228,1783.35
ORD00420,2026-05-18,CUST0012,Delhi,New Delhi,Tier 1,SSD,3,10755.18,0.0,32265.54,2026-05,0.2455,7921.19
ORD00421,2026-02-10,CUST0032,Tamil Nadu,Chennai,Tier 1,Mouse,3,752.15,0.1,2030.8,2026-02,0.2541,516.03
ORD00422,2026-04-02,CUST0004,Kerala,Kochi,Tier 2,Headset,3,5956.52,0.0,17869.56,2026-04,0.2537,4533.51
ORD00423,2026-04-14,CUST0016,Gujarat,Ahmedabad,Tier 2,Monitor,4,10630.52,0.0,42522.08,2026-04,0.1001,4256.46
ORD00424,2026-01-04,CUST0011,Telangana,Hyderabad,Tier 2,Keyboard,2,3023.92,0.02,5926.88,2026-01,0.1888,1118.99
ORD00425,2026-05-30,CUST0057,Tamil Nadu,Chennai,Tier 1,Laptop,1,61921.26,0.1,55729.13,2026-05,0.0927,5166.09
ORD00426,2026-02-02,CUST0022,Andhra Pradesh,Visakhapatnam,Tier 2,Monitor,1,24076.49,0.0,24076.49,2026-02,0.2009,4836.97
ORD00427,2026-05-27,CUST0023,Kerala,Thiruvananthapuram,Tier 2,SSD,1,9666.85,0.05,9183.51,2026-05,0.1771,1626.4
ORD00428,2026-04-01,CUST0005,Maharashtra,Mumbai,Tier 1,Headset,3,3786.87,0.0,11360.61,2026-04,0.2753,3127.58
ORD00429,2026-06-07,CUST0062,Maharashtra,Nagpur,Tier 1,Headset,4,3589.55,0.08,13209.54,2026-06,0.1572,2076.54
ORD00430,2026-01-16,CUST0068,Andhra Pradesh,Visakhapatnam,Tier 2,Printer,2,15803.93,0.1,28447.07,2026-01,0.1058,3009.7
ORD00431,2026-03-05,CUST0045,Telangana,Warangal,Tier 2,Webcam,4,5720.53,0.05,21738.01,2026-03,0.1115,2423.79
ORD00432,2026-05-25,CUST0029,Delhi,New Delhi,Tier 1,Headset,2,1351.17,0.08,2486.15,2026-05,0.2475,615.32
ORD00433,2026-01-08,CUST0030,Tamil Nadu,Chennai,Tier 1,SSD,5,9325.34,0.08,42896.56,2026-01,0.216,9265.66
ORD00434,2026-02-10,CUST0008,Andhra Pradesh,Vijayawada,Tier 2,Mouse,3,1407.27,0.1,3799.63,2026-02,0.1022,388.32
ORD00435,2026-02-26,CUST0046,Kerala,Thiruvananthapuram,Tier 2,Keyboard,2,1438.69,0.02,2819.83,2026-02,0.0985,277.75
ORD00436,2026-06-01,CUST0025,Telangana,Kurnool,Tier 2,Webcam,5,5857.97,0.08,26946.66,2026-06,0.2342,6310.91
ORD00437,2026-05-07,CUST0078,Tamil Nadu,Chennai,Tier 1,SSD,1,5718.47,0.0,5718.47,2026-05,0.096,548.97
ORD00438,2026-02-26,CUST0026,Telangana,Kurnool,Tier 2,SSD,1,8978.41,0.08,8260.14,2026-02,0.2608,2154.24
ORD00439,2026-02-03,CUST0019,Delhi,New Delhi,Tier 1,Webcam,1,1957.77,0.08,1801.15,2026-02,0.2354,423.99
ORD00440,2026-01-29,CUST0039,Delhi,New Delhi,Tier 1,Webcam,4,6019.32,0.02,23595.73,2026-01,0.0979,2310.02
ORD00441,2026-03-24,CUST0072,Karnataka,Bengaluru,Tier 1,Printer,4,20632.79,0.0,82531.16,2026-03,0.0987,8145.83
ORD00442,2026-06-27,CUST0038,Delhi,New Delhi,Tier 1,Office Chair,2,13432.53,0.1,24178.55,2026-06,0.2971,7183.45
ORD00443,2026-02-02,CUST0005,Karnataka,Bengaluru,Tier 1,Office Chair,4,21462.87,0.08,78983.36,2026-02,0.1623,12819.0
ORD00444,2026-02-16,CUST0043,Delhi,New Delhi,Tier 1,Office Chair,1,22923.69,0.0,22923.69,2026-02,0.1615,3702.18
ORD00445,2026-01-20,CUST0043,Maharashtra,Pune,Tier 1,Webcam,2,6380.54,0.0,12761.08,2026-01,0.2588,3302.57
ORD00446,2026-04-25,CUST0033,Telangana,Warangal,Tier 2,Mouse,2,1678.4,0.02,3289.66,2026-04,0.2884,948.74
ORD00447,2026-01-28,CUST0053,Telangana,Hyderabad,Tier 2,Printer,4,22384.27,0.0,89537.08,2026-01,0.2969,26583.56
ORD00448,2026-05-07,CUST0074,Kerala,Thiruvananthapuram,Tier 2,Router,4,2479.57,0.05,9422.37,2026-05,0.2457,2315.08
ORD00449,2026-06-16,CUST0038,Maharashtra,Mumbai,Tier 1,SSD,1,15289.13,0.0,15289.13,2026-06,0.1628,2489.07
ORD00450,2026-01-06,CUST0021,Delhi,New Delhi,Tier 1,Monitor,1,14468.93,0.05,13745.48,2026-01,0.0984,1352.56
ORD00451,2026-01-20,CUST0004,Andhra Pradesh,Visakhapatnam,Tier 2,Office Chair,5,22184.84,0.1,99831.78,2026-01,0.251,25057.78
ORD00452,2026-04-21,CUST0025,Karnataka,Mysuru,Tier 1,Keyboard,1,1073.4,0.0,1073.4,2026-04,0.2028,217.69
ORD00453,2026-04-15,CUST0074,Tamil Nadu,Coimbatore,Tier 1,Headset,2,1756.31,0.05,3336.99,2026-04,0.1733,578.3
ORD00454,2026-05-21,CUST0038,Gujarat,Ahmedabad,Tier 2,Laptop,3,55133.55,0.0,165400.65,2026-05,0.2794,46212.94
ORD00455,2026-06-19,CUST0038,Gujarat,Ahmedabad,Tier 2,Monitor,1,12311.25,0.1,11080.12,2026-06,0.1045,1157.87
ORD00456,2026-01-21,CUST0034,Gujarat,Ahmedabad,Tier 2,Headset,4,3931.48,0.1,14153.33,2026-01,0.1884,2666.49
ORD00457,2026-01-24,CUST0006,Kerala,Kochi,Tier 2,Webcam,4,4459.69,0.05,16946.82,2026-01,0.0825,1398.11
ORD00458,2026-03-09,CUST0008,Gujarat,Surat,Tier 2,Headset,2,6055.06,0.08,11141.31,2026-03,0.1831,2039.97
ORD00459,2026-02-08,CUST0030,Andhra Pradesh,Vijayawada,Tier 2,Webcam,5,4780.7,0.08,21991.22,2026-02,0.0924,2031.99
ORD00460,2026-05-22,CUST0061,Telangana,Warangal,Tier 2,Router,4,8269.71,0.1,29770.96,2026-05,0.1061,3158.7
ORD00461,2026-05-27,CUST0005,Maharashtra,Pune,Tier 1,Headset,1,3489.87,0.1,3140.88,2026-05,0.1059,332.62
ORD00462,2026-05-09,CUST0028,Karnataka,Bengaluru,Tier 1,SSD,2,17312.33,0.0,34624.66,2026-05,0.2228,7714.37
ORD00463,2026-02-19,CUST0026,Karnataka,Bengaluru,Tier 1,Printer,1,27753.88,0.05,26366.19,2026-02,0.2441,6435.99
ORD00464,2026-06-10,CUST0051,Karnataka,Mysuru,Tier 1,Webcam,1,2426.6,0.08,2232.47,2026-06,0.2083,465.02
ORD00465,2026-05-22,CUST0080,Delhi,New Delhi,Tier 1,Router,4,7944.98,0.0,31779.92,2026-05,0.2917,9270.2
ORD00466,2026-05-31,CUST0075,Kerala,Kochi,Tier 2,Printer,2,10112.19,0.08,18606.43,2026-05,0.1625,3023.54
ORD00467,2026-01-26,CUST0053,Andhra Pradesh,Kurnool,Tier 2,Monitor,3,22879.6,0.02,67266.02,2026-01,0.1429,9612.31
ORD00468,2026-03-09,CUST0036,Kerala,Thiruvananthapuram,Tier 2,Office Chair,5,15041.79,0.0,75208.95,2026-03,0.2711,20389.15
ORD00469,2026-04-14,CUST0031,Karnataka,Mysuru,Tier 1,Laptop,4,86135.1,0.02,337649.59,2026-04,0.1292,43624.33
ORD00470,2026-01-13,CUST0040,Gujarat,Surat,Tier 2,Webcam,1,4232.64,0.02,4147.99,2026-01,0.2919,1210.8
ORD00471,2026-03-13,CUST0057,Gujarat,Ahmedabad,Tier 2,Mouse,2,1010.82,0.1,1819.48,2026-03,0.0827,150.47
ORD00472,2026-03-24,CUST0053,Tamil Nadu,Coimbatore,Tier 1,Office Chair,1,10194.91,0.0,10194.91,2026-03,0.2934,2991.19
ORD00473,2026-05-05,CUST0065,Delhi,New Delhi,Tier 1,Router,2,2239.63,0.1,4031.33,2026-05,0.0895,360.8
ORD00474,2026-04-14,CUST0008,Karnataka,Bengaluru,Tier 1,Keyboard,2,3162.99,0.0,6325.98,2026-04,0.2761,1746.6
ORD00475,2026-03-05,CUST0048,Telangana,Warangal,Tier 2,Laptop,3,79662.19,0.02,234206.84,2026-03,0.1961,45927.96
ORD00476,2026-04-29,CUST0058,Kerala,Kochi,Tier 2,Laptop,2,68036.34,0.08,125186.87,2026-04,0.2985,37368.28
ORD00477,2026-02-15,CUST0012,Gujarat,Surat,Tier 2,Webcam,2,7831.11,0.02,15348.98,2026-02,0.0962,1476.57
ORD00478,2026-03-14,CUST0029,Telangana,Warangal,Tier 2,Laptop,2,84883.75,0.0,169767.5,2026-03,0.2018,34259.08
ORD00479,2026-06-15,CUST0003,Maharashtra,Nagpur,Tier 1,Mouse,3,1607.7,0.08,4437.25,2026-06,0.2932,1301.0
ORD00480,2026-06-24,CUST0029,Telangana,Warangal,Tier 2,Keyboard,2,2423.08,0.0,4846.16,2026-06,0.1951,945.49
ORD00481,2026-03-06,CUST0033,Tamil Nadu,Coimbatore,Tier 1,Printer,4,24883.31,0.05,94556.58,2026-03,0.2185,20660.61
ORD00482,2026-02-25,CUST0001,Gujarat,Surat,Tier 2,Router,5,4460.92,0.0,22304.6,2026-02,0.2331,5199.2
ORD00483,2026-05-11,CUST0036,Delhi,New Delhi,Tier 1,Headset,1,3994.08,0.02,3914.2,2026-05,0.18,704.56
ORD00484,2026-06-13,CUST0031,Delhi,New Delhi,Tier 1,Headset,3,2292.49,0.08,6327.27,2026-06,0.2181,1379.98
ORD00485,2026-01-15,CUST0034,Kerala,Thiruvananthapuram,Tier 2,Keyboard,1,2569.58,0.02,2518.19,2026-01,0.2085,525.04
ORD00486,2026-04-18,CUST0025,Kerala,Thiruvananthapuram,Tier 2,Laptop,5,79782.41,0.08,366999.09,2026-04,0.2783,102135.85
ORD00487,2026-03-29,CUST0046,Maharashtra,Nagpur,Tier 1,Router,4,7873.73,0.1,28345.43,2026-03,0.09,2551.09
ORD00488,2026-05-10,CUST0017,Tamil Nadu,Chennai,Tier 1,Router,2,3768.35,0.05,7159.86,2026-05,0.1418,1015.27
ORD00489,2026-03-08,CUST0040,Karnataka,Mysuru,Tier 1,Monitor,2,14684.53,0.1,26432.15,2026-03,0.2891,7641.53
ORD00490,2026-04-18,CUST0061,Delhi,New Delhi,Tier 1,Headset,5,2905.5,0.0,14527.5,2026-04,0.2759,4008.14
ORD00491,2026-01-14,CUST0049,Andhra Pradesh,Visakhapatnam,Tier 2,Mouse,5,703.69,0.1,3166.61,2026-01,0.1802,570.62
ORD00492,2026-05-16,CUST0044,Tamil Nadu,Coimbatore,Tier 1,Laptop,2,59807.78,0.0,119615.56,2026-05,0.2164,25884.81
ORD00493,2026-04-15,CUST0043,Gujarat,Ahmedabad,Tier 2,Webcam,2,7408.38,0.05,14075.92,2026-04,0.141,1984.7
ORD00494,2026-06-11,CUST0022,Karnataka,Mysuru,Tier 1,Laptop,1,70821.86,0.0,70821.86,2026-06,0.1214,8597.77
ORD00495,2026-05-28,CUST0055,Karnataka,Mysuru,Tier 1,Monitor,2,18831.68,0.1,33897.02,2026-05,0.182,6169.26
ORD00496,2026-04-14,CUST0048,Kerala,Thiruvananthapuram,Tier 2,Printer,1,7792.23,0.0,7792.23,2026-04,0.1577,1228.83
ORD00497,2026-01-04,CUST0029,Delhi,New Delhi,Tier 1,Laptop,1,76934.04,0.0,76934.04,2026-01,0.2084,16033.05
ORD00498,2026-06-27,CUST0040,Delhi,New Delhi,Tier 1,Keyboard,1,1835.59,0.08,1688.74,2026-06,0.0971,163.98
ORD00499,2026-02-12,CUST0077,Andhra Pradesh,Vijayawada,Tier 2,Headset,3,3844.37,0.08,10610.46,2026-02,0.2944,3123.72
ORD00500,2026-05-15,CUST0046,Delhi,New Delhi,Tier 1,Keyboard,3,3489.58,0.05,9945.3,2026-05,0.297,2953.75
ORD00501,2026-02-18,CUST0028,Karnataka,Mysuru,Tier 1,Laptop,2,62851.25,0.0,125702.5,2026-02,0.2336,29364.1
ORD00502,2026-01-06,CUST0033,Karnataka,Bengaluru,Tier 1,Webcam,1,4501.39,0.1,4051.25,2026-01,0.1979,801.74
ORD00503,2026-05-17,CUST0007,Telangana,Kurnool,Tier 2,Laptop,1,77874.87,0.0,77874.87,2026-05,0.1481,11533.27
ORD00504,2026-06-26,CUST0061,Andhra Pradesh,Visakhapatnam,Tier 2,SSD,4,6168.53,0.02,24180.64,2026-06,0.259,6262.79
ORD00505,2026-06-29,CUST0067,Karnataka,Bengaluru,Tier 1,Laptop,3,69730.5,0.0,209191.5,2026-06,0.2306,48239.56
ORD00506,2026-03-11,CUST0037,Karnataka,Mysuru,Tier 1,Monitor,5,20500.26,0.0,102501.3,2026-03,0.1158,11869.65
ORD00507,2026-01-30,CUST0067,Andhra Pradesh,Visakhapatnam,Tier 2,Mouse,5,839.57,0.02,4113.89,2026-01,0.2804,1153.53
ORD00508,2026-02-21,CUST0027,Delhi,New Delhi,Tier 1,Headset,2,1428.55,0.05,2714.24,2026-02,0.261,708.42
ORD00509,2026-06-26,CUST0015,Gujarat,Surat,Tier 2,Mouse,1,521.67,0.0,521.67,2026-06,0.289,150.76
ORD00510,2026-05-27,CUST0013,Gujarat,Ahmedabad,Tier 2,Monitor,5,10200.77,0.1,45903.47,2026-05,0.2397,11003.06
ORD00511,2026-03-07,CUST0023,Maharashtra,Pune,Tier 1,Headset,3,3892.81,0.0,11678.43,2026-03,0.215,2510.86
ORD00512,2026-01-11,CUST0006,Tamil Nadu,Coimbatore,Tier 1,Webcam,4,7117.49,0.0,28469.96,2026-01,0.172,4896.83
ORD00513,2026-01-03,CUST0035,Karnataka,Bengaluru,Tier 1,Webcam,3,8240.6,0.08,22744.06,2026-01,0.2852,6486.61
ORD00514,2026-01-24,CUST0035,Delhi,New Delhi,Tier 1,Keyboard,1,1882.1,0.05,1787.99,2026-01,0.2705,483.65
ORD00515,2026-04-09,CUST0008,Gujarat,Surat,Tier 2,Keyboard,1,1157.78,0.1,1042.0,2026-04,0.0899,93.68
ORD00516,2026-02-10,CUST0057,Andhra Pradesh,Visakhapatnam,Tier 2,Office Chair,4,20638.5,0.1,74298.6,2026-02,0.0858,6374.82
ORD00517,2026-02-16,CUST0017,Kerala,Thiruvananthapuram,Tier 2,Office Chair,1,21663.79,0.1,19497.41,2026-02,0.1628,3174.18
ORD00518,2026-05-04,CUST0041,Gujarat,Ahmedabad,Tier 2,Printer,4,7965.42,0.02,31224.45,2026-05,0.2583,8065.28
ORD00519,2026-01-04,CUST0080,Maharashtra,Nagpur,Tier 1,Webcam,5,5566.34,0.1,25048.53,2026-01,0.2972,7444.42
ORD00520,2026-01-25,CUST0050,Kerala,Kochi,Tier 2,SSD,3,13460.09,0.1,36342.24,2026-01,0.1131,4110.31
ORD00521,2026-02-08,CUST0022,Telangana,Hyderabad,Tier 2,Keyboard,5,3091.88,0.05,14686.43,2026-02,0.2107,3094.43
ORD00522,2026-01-20,CUST0065,Gujarat,Surat,Tier 2,Mouse,3,2149.25,0.0,6447.75,2026-01,0.1638,1056.14
ORD00523,2026-02-27,CUST0058,Kerala,Thiruvananthapuram,Tier 2,Mouse,1,1280.46,0.08,1178.02,2026-02,0.2934,345.63
ORD00524,2026-01-23,CUST0003,Gujarat,Surat,Tier 2,Webcam,1,8860.83,0.1,7974.75,2026-01,0.2653,2115.7
ORD00525,2026-01-27,CUST0078,Kerala,Thiruvananthapuram,Tier 2,Laptop,5,74218.46,0.0,371092.3,2026-01,0.2644,98116.8
ORD00526,2026-06-08,CUST0029,Tamil Nadu,Chennai,Tier 1,SSD,3,9405.12,0.0,28215.36,2026-06,0.1831,5166.23
ORD00527,2026-04-27,CUST0029,Delhi,New Delhi,Tier 1,Webcam,4,2620.97,0.1,9435.49,2026-04,0.1713,1616.3
ORD00528,2026-01-01,CUST0014,Delhi,New Delhi,Tier 1,Headset,5,4227.51,0.1,19023.8,2026-01,0.1401,2665.23
ORD00529,2026-01-12,CUST0026,Karnataka,Mysuru,Tier 1,Keyboard,4,1088.8,0.08,4006.78,2026-01,0.0924,370.23
ORD00530,2026-02-18,CUST0044,Andhra Pradesh,Visakhapatnam,Tier 2,Mouse,4,1901.74,0.0,7606.96,2026-02,0.2702,2055.4
ORD00531,2026-01-28,CUST0059,Kerala,Kochi,Tier 2,Office Chair,1,20126.47,0.05,19120.15,2026-01,0.2588,4948.29
ORD00532,2026-06-18,CUST0056,Karnataka,Mysuru,Tier 1,Laptop,5,80767.49,0.08,371530.45,2026-06,0.2999,111421.98
ORD00533,2026-05-30,CUST0014,Gujarat,Ahmedabad,Tier 2,Office Chair,2,19418.41,0.0,38836.82,2026-05,0.2993,11623.86
ORD00534,2026-04-10,CUST0036,Delhi,New Delhi,Tier 1,Printer,5,26234.12,0.0,131170.6,2026-04,0.2022,26522.7
ORD00535,2026-04-12,CUST0066,Delhi,New Delhi,Tier 1,SSD,2,6365.43,0.08,11712.39,2026-04,0.2492,2918.73
ORD00536,2026-03-18,CUST0045,Delhi,New Delhi,Tier 1,Mouse,2,1561.08,0.02,3059.72,2026-03,0.2878,880.59
ORD00537,2026-06-22,CUST0015,Karnataka,Bengaluru,Tier 1,Router,5,6451.89,0.02,31614.26,2026-06,0.2669,8437.85
ORD00538,2026-04-01,CUST0002,Gujarat,Surat,Tier 2,Router,3,7679.1,0.05,21885.44,2026-04,0.1344,2941.4
ORD00539,2026-05-14,CUST0026,Andhra Pradesh,Vijayawada,Tier 2,Printer,2,8114.36,0.0,16228.72,2026-05,0.1791,2906.56
ORD00540,2026-03-10,CUST0038,Karnataka,Mysuru,Tier 1,Headset,2,6068.41,0.1,10923.14,2026-03,0.1084,1184.07
ORD00541,2026-02-22,CUST0072,Telangana,Warangal,Tier 2,SSD,1,12817.47,0.1,11535.72,2026-02,0.2899,3344.21
ORD00542,2026-02-27,CUST0049,Kerala,Kochi,Tier 2,Router,3,6442.67,0.0,19328.01,2026-02,0.2134,4124.6
ORD00543,2026-04-10,CUST0026,Kerala,Thiruvananthapuram,Tier 2,Router,1,1886.87,0.02,1849.13,2026-04,0.1303,240.94
ORD00544,2026-06-08,CUST0026,Gujarat,Ahmedabad,Tier 2,Webcam,5,5735.63,0.08,26383.9,2026-06,0.2278,6010.25
ORD00545,2026-02-19,CUST0066,Tamil Nadu,Coimbatore,Tier 1,Keyboard,1,1304.84,0.0,1304.84,2026-02,0.216,281.85
ORD00546,2026-01-31,CUST0021,Kerala,Kochi,Tier 2,Printer,3,18688.57,0.0,56065.71,2026-01,0.1588,8903.23
ORD00547,2026-05-30,CUST0006,Tamil Nadu,Chennai,Tier 1,Webcam,4,6909.76,0.0,27639.04,2026-05,0.105,2902.1
ORD00548,2026-02-09,CUST0071,Delhi,New Delhi,Tier 1,Office Chair,3,15339.37,0.08,42336.66,2026-02,0.2277,9640.06
ORD00549,2026-04-02,CUST0067,Andhra Pradesh,Kurnool,Tier 2,Webcam,5,3383.73,0.0,16918.65,2026-04,0.1945,3290.68
ORD00550,2026-01-18,CUST0029,Karnataka,Mysuru,Tier 1,Router,5,4502.89,0.02,22064.16,2026-01,0.2499,5513.83
ORD00551,2026-02-24,CUST0068,Delhi,New Delhi,Tier 1,Webcam,3,3372.81,0.08,9308.96,2026-02,0.1944,1809.66
ORD00552,2026-05-02,CUST0079,Telangana,Hyderabad,Tier 2,Webcam,4,3530.5,0.1,12709.8,2026-05,0.2675,3399.87
ORD00553,2026-06-09,CUST0050,Maharashtra,Mumbai,Tier 1,Webcam,4,8394.71,0.0,33578.84,2026-06,0.2014,6762.78
ORD00554,2026-03-07,CUST0058,Tamil Nadu,Chennai,Tier 1,Router,3,5245.87,0.08,14478.6,2026-03,0.2034,2944.95
ORD00555,2026-05-05,CUST0022,Telangana,Warangal,Tier 2,Mouse,3,1373.62,0.0,4120.86,2026-05,0.2729,1124.58
ORD00556,2026-05-18,CUST0055,Telangana,Kurnool,Tier 2,Monitor,2,19725.36,0.0,39450.72,2026-05,0.1688,6659.28
ORD00557,2026-01-27,CUST0004,Maharashtra,Nagpur,Tier 1,Printer,1,22684.71,0.0,22684.71,2026-01,0.1095,2483.98
ORD00558,2026-04-28,CUST0072,Delhi,New Delhi,Tier 1,Monitor,1,9868.29,0.02,9670.92,2026-04,0.0863,834.6
ORD00559,2026-01-19,CUST0056,Maharashtra,Pune,Tier 1,Printer,4,16473.64,0.05,62599.83,2026-01,0.2461,15405.82
ORD00560,2026-03-22,CUST0080,Telangana,Warangal,Tier 2,Monitor,5,9094.38,0.1,40924.71,2026-03,0.2165,8860.2
ORD00561,2026-01-17,CUST0038,Telangana,Kurnool,Tier 2,Monitor,3,23848.76,0.0,71546.28,2026-01,0.2349,16806.22
ORD00562,2026-06-25,CUST0004,Tamil Nadu,Chennai,Tier 1,Headset,4,3412.2,0.1,12283.92,2026-06,0.1269,1558.83
ORD00563,2026-05-02,CUST0038,Karnataka,Bengaluru,Tier 1,Keyboard,4,2951.28,0.08,10860.71,2026-05,0.11,1194.68
ORD00564,2026-06-12,CUST0019,Karnataka,Mysuru,Tier 1,Webcam,1,5785.37,0.08,5322.54,2026-06,0.0832,442.84
ORD00565,2026-02-01,CUST0011,Telangana,Hyderabad,Tier 2,Office Chair,5,13699.39,0.08,63017.19,2026-02,0.1571,9900.0
ORD00566,2026-03-20,CUST0066,Maharashtra,Nagpur,Tier 1,Webcam,2,4771.11,0.1,8588.0,2026-03,0.2098,1801.76
ORD00567,2026-02-06,CUST0015,Karnataka,Bengaluru,Tier 1,Mouse,5,1919.07,0.0,9595.35,2026-02,0.1663,1595.71
ORD00568,2026-02-16,CUST0009,Telangana,Kurnool,Tier 2,SSD,5,5487.45,0.1,24693.53,2026-02,0.1762,4351.0
ORD00569,2026-03-06,CUST0017,Andhra Pradesh,Vijayawada,Tier 2,Office Chair,4,23176.18,0.02,90850.63,2026-03,0.2789,25338.24
ORD00570,2026-06-21,CUST0041,Maharashtra,Mumbai,Tier 1,Headset,5,1604.89,0.0,8024.45,2026-06,0.1566,1256.63
ORD00571,2026-05-05,CUST0073,Gujarat,Surat,Tier 2,Office Chair,3,18788.79,0.0,56366.37,2026-05,0.1931,10884.35
ORD00572,2026-05-26,CUST0029,Delhi,New Delhi,Tier 1,Printer,2,7101.47,0.0,14202.94,2026-05,0.2524,3584.82
ORD00573,2026-06-14,CUST0062,Kerala,Thiruvananthapuram,Tier 2,Webcam,2,6692.98,0.02,13118.24,2026-06,0.1672,2193.37
ORD00574,2026-04-29,CUST0078,Gujarat,Surat,Tier 2,Headset,4,4399.7,0.0,17598.8,2026-04,0.2169,3817.18
ORD00575,2026-01-21,CUST0010,Tamil Nadu,Chennai,Tier 1,Router,2,3563.67,0.1,6414.61,2026-01,0.2697,1730.02
ORD00576,2026-01-20,CUST0028,Telangana,Kurnool,Tier 2,Laptop,5,75261.53,0.08,346203.04,2026-01,0.2889,100018.06
ORD00577,2026-01-10,CUST0038,Tamil Nadu,Coimbatore,Tier 1,Keyboard,3,1859.75,0.08,5132.91,2026-01,0.1124,576.94
ORD00578,2026-02-04,CUST0031,Gujarat,Ahmedabad,Tier 2,Printer,3,17545.51,0.1,47372.88,2026-02,0.2838,13444.42
ORD00579,2026-06-07,CUST0019,Karnataka,Bengaluru,Tier 1,SSD,2,6918.46,0.08,12729.97,2026-06,0.1883,2397.05
ORD00580,2026-05-04,CUST0048,Delhi,New Delhi,Tier 1,Mouse,4,893.97,0.02,3504.36,2026-05,0.1368,479.4
ORD00581,2026-03-01,CUST0050,Telangana,Kurnool,Tier 2,Mouse,5,2043.13,0.02,10011.34,2026-03,0.181,1812.05
ORD00582,2026-05-01,CUST0036,Gujarat,Ahmedabad,Tier 2,Laptop,3,58612.88,0.08,161771.55,2026-05,0.2956,47819.67
ORD00583,2026-03-09,CUST0067,Karnataka,Mysuru,Tier 1,Printer,3,19341.26,0.0,58023.78,2026-03,0.1884,10931.68
ORD00584,2026-03-06,CUST0063,Kerala,Kochi,Tier 2,Router,4,4164.42,0.02,16324.53,2026-03,0.1523,2486.23
ORD00585,2026-05-04,CUST0066,Telangana,Kurnool,Tier 2,Keyboard,4,1247.14,0.0,4988.56,2026-05,0.2193,1093.99
ORD00586,2026-06-14,CUST0016,Tamil Nadu,Chennai,Tier 1,Keyboard,2,1224.86,0.08,2253.74,2026-06,0.1328,299.3
ORD00587,2026-06-19,CUST0062,Maharashtra,Pune,Tier 1,Webcam,1,5266.92,0.05,5003.57,2026-06,0.0967,483.85
ORD00588,2026-02-23,CUST0076,Karnataka,Mysuru,Tier 1,Laptop,2,56510.05,0.08,103978.49,2026-02,0.1084,11271.27
ORD00589,2026-02-11,CUST0024,Karnataka,Bengaluru,Tier 1,Office Chair,2,7950.5,0.02,15582.98,2026-02,0.1082,1686.08
ORD00590,2026-05-13,CUST0061,Kerala,Kochi,Tier 2,Headset,1,2456.24,0.08,2259.74,2026-05,0.1134,256.25
ORD00591,2026-05-04,CUST0024,Karnataka,Bengaluru,Tier 1,Printer,5,9996.95,0.08,45985.97,2026-05,0.1105,5081.45
ORD00592,2026-06-09,CUST0030,Tamil Nadu,Chennai,Tier 1,Webcam,4,6095.04,0.0,24380.16,2026-06,0.221,5388.02
ORD00593,2026-04-07,CUST0054,Kerala,Kochi,Tier 2,Monitor,1,12237.58,0.08,11258.57,2026-04,0.12,1351.03
ORD00594,2026-02-08,CUST0065,Andhra Pradesh,Vijayawada,Tier 2,SSD,5,12597.49,0.08,57948.45,2026-02,0.156,9039.96
ORD00595,2026-01-31,CUST0056,Andhra Pradesh,Visakhapatnam,Tier 2,Keyboard,5,2256.07,0.0,11280.35,2026-01,0.2773,3128.04
ORD00596,2026-05-14,CUST0049,Kerala,Thiruvananthapuram,Tier 2,Laptop,5,70013.47,0.05,332563.98,2026-05,0.1843,61291.54
ORD00597,2026-03-31,CUST0011,Andhra Pradesh,Visakhapatnam,Tier 2,Keyboard,3,2088.28,0.0,6264.84,2026-03,0.2269,1421.49
ORD00598,2026-03-14,CUST0074,Kerala,Thiruvananthapuram,Tier 2,Mouse,1,1705.55,0.0,1705.55,2026-03,0.1179,201.08
ORD00599,2026-05-14,CUST0041,Andhra Pradesh,Kurnool,Tier 2,Laptop,4,77909.11,0.1,280472.8,2026-05,0.1223,34301.82
ORD00600,2026-04-15,CUST0034,Delhi,New Delhi,Tier 1,Keyboard,4,2559.26,0.02,10032.3,2026-04,0.089,892.87
ORD00026,2026-02-24,CUST0013,Karnataka,Mysuru,Tier 1,Mouse,4,1872.74,0.0,7490.96,2026-02,0.2527,1892.97
